Site,Code,Annee,Metrique,Valeur_EUR_t
Nantes,H66CAET281 - 9170-CS COUER-TRI,R2023,[R0100-EW-109] Tonnes entrantes,41329.88
Nantes,H66CAET281 - 9170-CS COUER-TRI,R2023,[R1458-EW-110] Tonnage passage chaîne,0.9925787348039729
Nantes,H66CAET281 - 9170-CS COUER-TRI,R2023,VE000001 - Chiffre d'affaires,189.58015629370328
Nantes,H66CAET281 - 9170-CS COUER-TRI,R2023,VE000002 - Prestations de service (hors Energie et Utilités),187.45141723131064
Nantes,H66CAET281 - 9170-CS COUER-TRI,R2023,VE000003 - Prestation de service - part fixe,-7.857490270961349
Nantes,H66CAET281 - 9170-CS COUER-TRI,R2023,VE000004 - Prestation de service - part variable,195.308907502272
Nantes,H66CAET281 - 9170-CS COUER-TRI,R2023,VE000005 - Autres prestations de service,0.0
Nantes,H66CAET281 - 9170-CS COUER-TRI,R2023,VE000015 - Ventes matières recyclées & matériaux bruts,0.0
Nantes,H66CAET281 - 9170-CS COUER-TRI,R2023,VE000016 - Papier & carton - produit,0.0
Nantes,H66CAET281 - 9170-CS COUER-TRI,R2023,VE000017 - Métaux ferreux - produit,0.0
Nantes,H66CAET281 - 9170-CS COUER-TRI,R2023,VE000019 - Plastiques - produit,0.0
Nantes,H66CAET281 - 9170-CS COUER-TRI,R2023,VE000024 - Revenus des Travaux,0.33389184773824654
Nantes,H66CAET281 - 9170-CS COUER-TRI,R2023,VE000026 - Travaux I4 / travaux I12,0.33389184773824654
Nantes,H66CAET281 - 9170-CS COUER-TRI,R2023,VE000035 - Produits perçus pour le compte de tiers - Revenus,1.794847214654386
Nantes,H66CAET281 - 9170-CS COUER-TRI,R2023,VE000131 - Produits perçus pour le compte de tiers - Revenus,1.794847214654386
Nantes,H66CAET281 - 9170-CS COUER-TRI,R2023,VE000036 - Coûts des ventes cash (éléments PNE),-39.36211452827833
Nantes,H66CAET281 - 9170-CS COUER-TRI,R2023,VE000044 - Coûts sous-traitance externe d'activité (Propreté),-3.5742196686755445
Nantes,H66CAET281 - 9170-CS COUER-TRI,R2023,VE000133 - Coûts sous-traitance externe d'activité (Propreté),-3.5742196686755445
Nantes,H66CAET281 - 9170-CS COUER-TRI,R2023,VE000045 - Prestations internes - Charge (Propreté),-35.45400301186454
Nantes,H66CAET281 - 9170-CS COUER-TRI,R2023,VE000134 - Prestations internes - Charge (Propreté),-35.45400301186454
Nantes,H66CAET281 - 9170-CS COUER-TRI,R2023,VE000048 - Coûts sous-traitance construction AFO I4 & I12,-0.33389184773824654
Nantes,H66CAET281 - 9170-CS COUER-TRI,R2023,VE000165 - Coûts sous-traitance construction AFO I4 & I12,-0.33389184773824654
Nantes,H66CAET281 - 9170-CS COUER-TRI,R2023,PNE,150.21804176542494
Nantes,H66CAET281 - 9170-CS COUER-TRI,R2023,VE000050 - Coûts des ventes cash (hors éléments PNE),-146.79201560711036
Nantes,H66CAET281 - 9170-CS COUER-TRI,R2023,VE000051 - Coûts de personnel,-89.43653671387385
Nantes,H66CAET281 - 9170-CS COUER-TRI,R2023,VE000052 - Personnel exploitation - interne,-46.12795294832698
Nantes,H66CAET281 - 9170-CS COUER-TRI,R2023,VE000053 - Personnel exploitation - externe,-42.254219223477065
Nantes,H66CAET281 - 9170-CS COUER-TRI,R2023,VE000057 - Autres avantages sociaux,-1.0543645420698056
Nantes,H66CAET281 - 9170-CS COUER-TRI,R2023,VE000067 - Entretien & maintenance courante (hors personnel),-5.914434060781208
Nantes,H66CAET281 - 9170-CS COUER-TRI,R2023,VE000068 - Pièces détachées,-2.4044229017843755
Nantes,H66CAET281 - 9170-CS COUER-TRI,R2023,VE000069 - Sous-traitance - maintenance courante,-0.1323640426732427
Nantes,H66CAET281 - 9170-CS COUER-TRI,R2023,VE000070 - Autres coûts - maintenance courante,-3.37764711632359
Nantes,H66CAET281 - 9170-CS COUER-TRI,R2023,VE000071 - Maint. Obligatoire Programmée & renouvel. (hors pers.),-12.916176867680234
Nantes,H66CAET281 - 9170-CS COUER-TRI,R2023,VE000072 - Equipements & pièces détachées,-1.4524847398540717
Nantes,H66CAET281 - 9170-CS COUER-TRI,R2023,"VE000073 - Sous-traitance, maint. Oblig. Prog. & renouvel.",-4.315990271445259
Nantes,H66CAET281 - 9170-CS COUER-TRI,R2023,"VE000074 - Autres coûts, maint. Oblig. Prog. & renouvel.",-7.147701856380904
Nantes,H66CAET281 - 9170-CS COUER-TRI,R2023,VE000077 - Coût des énergies pour production & distribution,-1.418398988818743
Nantes,H66CAET281 - 9170-CS COUER-TRI,R2023,VE000080 - Autres combustibles fossiles,-1.4072324913597618
Nantes,H66CAET281 - 9170-CS COUER-TRI,R2023,"VE000085 - Diesel, essence",-0.011143027756189954
Nantes,H66CAET281 - 9170-CS COUER-TRI,R2023,VE000088 - Autres coûts de production d'énergies,-2.3469702791297724e-05
Nantes,H66CAET281 - 9170-CS COUER-TRI,R2023,VE000089 - Traitement et évacuation des sous-produits,-0.11083192111857093
Nantes,H66CAET281 - 9170-CS COUER-TRI,R2023,"VE000093 - Boues, graviers et refus de dégrillage",-0.11083192111857093
Nantes,H66CAET281 - 9170-CS COUER-TRI,R2023,VE000097 - Autres coûts d'exploitation,-36.99563705483781
Nantes,H66CAET281 - 9170-CS COUER-TRI,R2023,VE000098 - Laboratoire et analyses,0.0
Nantes,H66CAET281 - 9170-CS COUER-TRI,R2023,VE000099 - Equipements mobiles & Equipements motorisés,-5.101193131942314
Nantes,H66CAET281 - 9170-CS COUER-TRI,R2023,VE000100 - Bâtiments d'exploitation,-0.43125530487869795
Nantes,H66CAET281 - 9170-CS COUER-TRI,R2023,VE000102 - Taxes et redevances,-0.9401283042680018
Nantes,H66CAET281 - 9170-CS COUER-TRI,R2023,665IF121 - Annulat. Charges Actifs Incorp. IFRIC 12,2.030492224995572
Nantes,H66CAET281 - 9170-CS COUER-TRI,R2023,VE000103 - Assurances,-6.850760273197017
Nantes,H66CAET281 - 9170-CS COUER-TRI,R2023,VE000104 - Autres - autres coûts d'exploitation,-23.672300040551782
Nantes,H66CAET281 - 9170-CS COUER-TRI,R2023,Marge Brute Cash,3.4260261583145195
Nantes,H66CAET281 - 9170-CS COUER-TRI,R2023,VE000107 - Coûts COM & G&A (cash),-18.238370157377663
Nantes,H66CAET281 - 9170-CS COUER-TRI,R2023,VE000108 - Coûts Commerciaux (COM),-4.297967475347134
Nantes,H66CAET281 - 9170-CS COUER-TRI,R2023,VE000111 - Autres coûts (Commerciaux),-4.297967475347134
Nantes,H66CAET281 - 9170-CS COUER-TRI,R2023,VE000112 - Coûts Généraux & Administratifs (G&A),-10.153276757638782
Nantes,H66CAET281 - 9170-CS COUER-TRI,R2023,VE000115 - Autres coûts (G&A),-10.153276757638782
Nantes,H66CAET281 - 9170-CS COUER-TRI,R2023,"VE000116 - Management fees, redevances (marque, savoir-faire)",-3.7871259243917477
Nantes,H66CAET281 - 9170-CS COUER-TRI,R2023,"VE000140 - Management fees, redevances (marque, savoir-faire)",-3.7871259243917477
Nantes,H66CAET281 - 9170-CS COUER-TRI,R2023,EBITDA,-14.812343999063158
Nantes,H66CAET281 - 9170-CS COUER-TRI,R2023,Coûts Non Cash,-8.997282837501585
Nantes,H66CAET281 - 9170-CS COUER-TRI,R2023,VE000118 - Coûts des Ventes (non cash),-8.997282837501585
Nantes,H66CAET281 - 9170-CS COUER-TRI,R2023,VE000119 - CDV - Coûts de Personnel (non cash),-0.035183020129746424
Nantes,H66CAET281 - 9170-CS COUER-TRI,R2023,VE000141 - CDV - Coûts de Personnel (non cash),-0.035183020129746424
Nantes,H66CAET281 - 9170-CS COUER-TRI,R2023,VE000121 - CDV - Autres amortissements & Dépréciation,-7.0140663365100515
Nantes,H66CAET281 - 9170-CS COUER-TRI,R2023,VE000132 - CDV - Autres amortissements & Dépréciation,-7.0140663365100515
Nantes,H66CAET281 - 9170-CS COUER-TRI,R2023,VE000187 - Amortissement Actif Incorporel IFRIC12,-1.948033480861788
Nantes,H66CAET281 - 9170-CS COUER-TRI,R2023,VE000185 - Amortissement Actif Incorporel IFRIC12,-1.948033480861788
Nantes,H66CAET281 - 9170-CS COUER-TRI,R2023,665IF122 - Amortissement Actif Incorporel IFRIC 12,-1.948033480861788
Nantes,H66CAET281 - 9170-CS COUER-TRI,R2023,EBIT Courant,-23.809626836564735
Nantes,H66CAET281 - 9170-CS COUER-TRI,R2024,[R0100-EW-109] Tonnes entrantes,51163.26
Nantes,H66CAET281 - 9170-CS COUER-TRI,R2024,[R1458-EW-110] Tonnage passage chaîne,1.0
Nantes,H66CAET281 - 9170-CS COUER-TRI,R2024,VE000001 - Chiffre d'affaires,188.40338848619106
Nantes,H66CAET281 - 9170-CS COUER-TRI,R2024,VE000002 - Prestations de service (hors Energie et Utilités),186.4895467958844
Nantes,H66CAET281 - 9170-CS COUER-TRI,R2024,VE000003 - Prestation de service - part fixe,0.0
Nantes,H66CAET281 - 9170-CS COUER-TRI,R2024,VE000004 - Prestation de service - part variable,186.4887884392042
Nantes,H66CAET281 - 9170-CS COUER-TRI,R2024,VE000005 - Autres prestations de service,0.0007583566801646337
Nantes,H66CAET281 - 9170-CS COUER-TRI,R2024,VE000015 - Ventes matières recyclées & matériaux bruts,0.5165857296818068
Nantes,H66CAET281 - 9170-CS COUER-TRI,R2024,VE000016 - Papier & carton - produit,0.4218812483801853
Nantes,H66CAET281 - 9170-CS COUER-TRI,R2024,VE000017 - Métaux ferreux - produit,0.09232973035729153
Nantes,H66CAET281 - 9170-CS COUER-TRI,R2024,VE000019 - Plastiques - produit,0.002374750944329974
Nantes,H66CAET281 - 9170-CS COUER-TRI,R2024,VE000024 - Revenus des Travaux,0.0
Nantes,H66CAET281 - 9170-CS COUER-TRI,R2024,VE000026 - Travaux I4 / travaux I12,0.0
Nantes,H66CAET281 - 9170-CS COUER-TRI,R2024,VE000035 - Produits perçus pour le compte de tiers - Revenus,1.3972559606248698
Nantes,H66CAET281 - 9170-CS COUER-TRI,R2024,VE000131 - Produits perçus pour le compte de tiers - Revenus,1.3972559606248698
Nantes,H66CAET281 - 9170-CS COUER-TRI,R2024,VE000036 - Coûts des ventes cash (éléments PNE),-44.39727921950243
Nantes,H66CAET281 - 9170-CS COUER-TRI,R2024,VE000044 - Coûts sous-traitance externe d'activité (Propreté),-6.331004122880364
Nantes,H66CAET281 - 9170-CS COUER-TRI,R2024,VE000133 - Coûts sous-traitance externe d'activité (Propreté),-6.331004122880364
Nantes,H66CAET281 - 9170-CS COUER-TRI,R2024,VE000045 - Prestations internes - Charge (Propreté),-38.066275096622064
Nantes,H66CAET281 - 9170-CS COUER-TRI,R2024,VE000134 - Prestations internes - Charge (Propreté),-38.066275096622064
Nantes,H66CAET281 - 9170-CS COUER-TRI,R2024,VE000048 - Coûts sous-traitance construction AFO I4 & I12,0.0
Nantes,H66CAET281 - 9170-CS COUER-TRI,R2024,VE000165 - Coûts sous-traitance construction AFO I4 & I12,0.0
Nantes,H66CAET281 - 9170-CS COUER-TRI,R2024,PNE,144.0061092666886
Nantes,H66CAET281 - 9170-CS COUER-TRI,R2024,VE000050 - Coûts des ventes cash (hors éléments PNE),-130.30082621787585
Nantes,H66CAET281 - 9170-CS COUER-TRI,R2024,VE000051 - Coûts de personnel,-81.49917655755321
Nantes,H66CAET281 - 9170-CS COUER-TRI,R2024,VE000052 - Personnel exploitation - interne,-37.79442944018813
Nantes,H66CAET281 - 9170-CS COUER-TRI,R2024,VE000053 - Personnel exploitation - externe,-42.681109061463246
Nantes,H66CAET281 - 9170-CS COUER-TRI,R2024,VE000057 - Autres avantages sociaux,-1.0236380559018328
Nantes,H66CAET281 - 9170-CS COUER-TRI,R2024,VE000067 - Entretien & maintenance courante (hors personnel),-5.591533846748623
Nantes,H66CAET281 - 9170-CS COUER-TRI,R2024,VE000068 - Pièces détachées,-1.824813156941133
Nantes,H66CAET281 - 9170-CS COUER-TRI,R2024,VE000069 - Sous-traitance - maintenance courante,-0.17695608137558083
Nantes,H66CAET281 - 9170-CS COUER-TRI,R2024,VE000070 - Autres coûts - maintenance courante,-3.58976460843191
Nantes,H66CAET281 - 9170-CS COUER-TRI,R2024,VE000071 - Maint. Obligatoire Programmée & renouvel. (hors pers.),-16.05103623185856
Nantes,H66CAET281 - 9170-CS COUER-TRI,R2024,VE000072 - Equipements & pièces détachées,-3.8644062164920685
Nantes,H66CAET281 - 9170-CS COUER-TRI,R2024,"VE000073 - Sous-traitance, maint. Oblig. Prog. & renouvel.",-6.1383819170240495
Nantes,H66CAET281 - 9170-CS COUER-TRI,R2024,"VE000074 - Autres coûts, maint. Oblig. Prog. & renouvel.",-6.048248098342444
Nantes,H66CAET281 - 9170-CS COUER-TRI,R2024,VE000077 - Coût des énergies pour production & distribution,-0.8720361055960859
Nantes,H66CAET281 - 9170-CS COUER-TRI,R2024,VE000080 - Autres combustibles fossiles,-0.8720361055960859
Nantes,H66CAET281 - 9170-CS COUER-TRI,R2024,"VE000085 - Diesel, essence",0.0
Nantes,H66CAET281 - 9170-CS COUER-TRI,R2024,VE000088 - Autres coûts de production d'énergies,0.0
Nantes,H66CAET281 - 9170-CS COUER-TRI,R2024,VE000089 - Traitement et évacuation des sous-produits,-0.13691367594637244
Nantes,H66CAET281 - 9170-CS COUER-TRI,R2024,"VE000093 - Boues, graviers et refus de dégrillage",-0.13691367594637244
Nantes,H66CAET281 - 9170-CS COUER-TRI,R2024,VE000097 - Autres coûts d'exploitation,-26.150129800173012
Nantes,H66CAET281 - 9170-CS COUER-TRI,R2024,VE000098 - Laboratoire et analyses,-0.03361787345059716
Nantes,H66CAET281 - 9170-CS COUER-TRI,R2024,VE000099 - Equipements mobiles & Equipements motorisés,-5.683041893733902
Nantes,H66CAET281 - 9170-CS COUER-TRI,R2024,VE000100 - Bâtiments d'exploitation,-0.03662139590010488
Nantes,H66CAET281 - 9170-CS COUER-TRI,R2024,VE000102 - Taxes et redevances,-0.6226700565992083
Nantes,H66CAET281 - 9170-CS COUER-TRI,R2024,665IF121 - Annulat. Charges Actifs Incorp. IFRIC 12,1.6402394999849501
Nantes,H66CAET281 - 9170-CS COUER-TRI,R2024,VE000103 - Assurances,-5.528173341573621
Nantes,H66CAET281 - 9170-CS COUER-TRI,R2024,VE000104 - Autres - autres coûts d'exploitation,-14.24600523891558
Nantes,H66CAET281 - 9170-CS COUER-TRI,R2024,Marge Brute Cash,13.70528304881275
Nantes,H66CAET281 - 9170-CS COUER-TRI,R2024,VE000107 - Coûts COM & G&A (cash),-18.360011461349412
Nantes,H66CAET281 - 9170-CS COUER-TRI,R2024,VE000108 - Coûts Commerciaux (COM),-3.832193648332807
Nantes,H66CAET281 - 9170-CS COUER-TRI,R2024,VE000111 - Autres coûts (Commerciaux),-3.832193648332807
Nantes,H66CAET281 - 9170-CS COUER-TRI,R2024,VE000112 - Coûts Généraux & Administratifs (G&A),-8.560544812820764
Nantes,H66CAET281 - 9170-CS COUER-TRI,R2024,VE000115 - Autres coûts (G&A),-8.560544812820764
Nantes,H66CAET281 - 9170-CS COUER-TRI,R2024,"VE000116 - Management fees, redevances (marque, savoir-faire)",-5.967273000195844
Nantes,H66CAET281 - 9170-CS COUER-TRI,R2024,"VE000140 - Management fees, redevances (marque, savoir-faire)",-5.967273000195844
Nantes,H66CAET281 - 9170-CS COUER-TRI,R2024,EBITDA,-4.654728412536662
Nantes,H66CAET281 - 9170-CS COUER-TRI,R2024,Coûts Non Cash,-7.3161706271257945
Nantes,H66CAET281 - 9170-CS COUER-TRI,R2024,VE000118 - Coûts des Ventes (non cash),-7.3161706271257945
Nantes,H66CAET281 - 9170-CS COUER-TRI,R2024,VE000119 - CDV - Coûts de Personnel (non cash),-0.13709564245906142
Nantes,H66CAET281 - 9170-CS COUER-TRI,R2024,VE000141 - CDV - Coûts de Personnel (non cash),-0.13709564245906142
Nantes,H66CAET281 - 9170-CS COUER-TRI,R2024,VE000121 - CDV - Autres amortissements & Dépréciation,-5.605445978227347
Nantes,H66CAET281 - 9170-CS COUER-TRI,R2024,VE000132 - CDV - Autres amortissements & Dépréciation,-5.605445978227347
Nantes,H66CAET281 - 9170-CS COUER-TRI,R2024,VE000187 - Amortissement Actif Incorporel IFRIC12,-1.5736290064393865
Nantes,H66CAET281 - 9170-CS COUER-TRI,R2024,VE000185 - Amortissement Actif Incorporel IFRIC12,-1.5736290064393865
Nantes,H66CAET281 - 9170-CS COUER-TRI,R2024,665IF122 - Amortissement Actif Incorporel IFRIC 12,-1.5736290064393865
Nantes,H66CAET281 - 9170-CS COUER-TRI,R2024,EBIT Courant,-11.970899039662461
Nantes,H66CAET281 - 9170-CS COUER-TRI,R2025,[R0100-EW-109] Tonnes entrantes,52376.85999999999
Nantes,H66CAET281 - 9170-CS COUER-TRI,R2025,[R1458-EW-110] Tonnage passage chaîne,1.000011455440437
Nantes,H66CAET281 - 9170-CS COUER-TRI,R2025,VE000001 - Chiffre d'affaires,192.10765842014968
Nantes,H66CAET281 - 9170-CS COUER-TRI,R2025,VE000002 - Prestations de service (hors Energie et Utilités),190.30355027010023
Nantes,H66CAET281 - 9170-CS COUER-TRI,R2025,VE000003 - Prestation de service - part fixe,0.0
Nantes,H66CAET281 - 9170-CS COUER-TRI,R2025,VE000004 - Prestation de service - part variable,190.26019524652682
Nantes,H66CAET281 - 9170-CS COUER-TRI,R2025,VE000005 - Autres prestations de service,0.04335502357338719
Nantes,H66CAET281 - 9170-CS COUER-TRI,R2025,VE000015 - Ventes matières recyclées & matériaux bruts,0.18774894103999365
Nantes,H66CAET281 - 9170-CS COUER-TRI,R2025,VE000016 - Papier & carton - produit,0.1784192485001965
Nantes,H66CAET281 - 9170-CS COUER-TRI,R2025,VE000017 - Métaux ferreux - produit,0.011649419228262252
Nantes,H66CAET281 - 9170-CS COUER-TRI,R2025,VE000019 - Plastiques - produit,-0.0023197266884650973
Nantes,H66CAET281 - 9170-CS COUER-TRI,R2025,VE000024 - Revenus des Travaux,0.0
Nantes,H66CAET281 - 9170-CS COUER-TRI,R2025,VE000026 - Travaux I4 / travaux I12,0.0
Nantes,H66CAET281 - 9170-CS COUER-TRI,R2025,VE000035 - Produits perçus pour le compte de tiers - Revenus,1.6163592090094752
Nantes,H66CAET281 - 9170-CS COUER-TRI,R2025,VE000131 - Produits perçus pour le compte de tiers - Revenus,1.6163592090094752
Nantes,H66CAET281 - 9170-CS COUER-TRI,R2025,VE000036 - Coûts des ventes cash (éléments PNE),-43.06695647658146
Nantes,H66CAET281 - 9170-CS COUER-TRI,R2025,VE000044 - Coûts sous-traitance externe d'activité (Propreté),-2.9520009408735084
Nantes,H66CAET281 - 9170-CS COUER-TRI,R2025,VE000133 - Coûts sous-traitance externe d'activité (Propreté),-2.9520009408735084
Nantes,H66CAET281 - 9170-CS COUER-TRI,R2025,VE000045 - Prestations internes - Charge (Propreté),-40.11495553570795
Nantes,H66CAET281 - 9170-CS COUER-TRI,R2025,VE000134 - Prestations internes - Charge (Propreté),-40.11495553570795
Nantes,H66CAET281 - 9170-CS COUER-TRI,R2025,VE000048 - Coûts sous-traitance construction AFO I4 & I12,0.0
Nantes,H66CAET281 - 9170-CS COUER-TRI,R2025,VE000165 - Coûts sous-traitance construction AFO I4 & I12,0.0
Nantes,H66CAET281 - 9170-CS COUER-TRI,R2025,PNE,149.04070194356822
Nantes,H66CAET281 - 9170-CS COUER-TRI,R2025,VE000050 - Coûts des ventes cash (hors éléments PNE),-120.85451590645187
Nantes,H66CAET281 - 9170-CS COUER-TRI,R2025,VE000051 - Coûts de personnel,-83.58618538797477
Nantes,H66CAET281 - 9170-CS COUER-TRI,R2025,VE000052 - Personnel exploitation - interne,-37.69734249055786
Nantes,H66CAET281 - 9170-CS COUER-TRI,R2025,VE000053 - Personnel exploitation - externe,-45.023460932938704
Nantes,H66CAET281 - 9170-CS COUER-TRI,R2025,VE000057 - Autres avantages sociaux,-0.8653819644782067
Nantes,H66CAET281 - 9170-CS COUER-TRI,R2025,VE000067 - Entretien & maintenance courante (hors personnel),-3.0822492986406598
Nantes,H66CAET281 - 9170-CS COUER-TRI,R2025,VE000068 - Pièces détachées,-1.985251884133566
Nantes,H66CAET281 - 9170-CS COUER-TRI,R2025,VE000069 - Sous-traitance - maintenance courante,-0.26904342872024023
Nantes,H66CAET281 - 9170-CS COUER-TRI,R2025,VE000070 - Autres coûts - maintenance courante,-0.8279539857868533
Nantes,H66CAET281 - 9170-CS COUER-TRI,R2025,VE000071 - Maint. Obligatoire Programmée & renouvel. (hors pers.),-19.490760232667633
Nantes,H66CAET281 - 9170-CS COUER-TRI,R2025,VE000072 - Equipements & pièces détachées,-2.6770297035752053
Nantes,H66CAET281 - 9170-CS COUER-TRI,R2025,"VE000073 - Sous-traitance, maint. Oblig. Prog. & renouvel.",-7.0583024641034235
Nantes,H66CAET281 - 9170-CS COUER-TRI,R2025,"VE000074 - Autres coûts, maint. Oblig. Prog. & renouvel.",-9.755428064989006
Nantes,H66CAET281 - 9170-CS COUER-TRI,R2025,VE000077 - Coût des énergies pour production & distribution,-0.3475630268786636
Nantes,H66CAET281 - 9170-CS COUER-TRI,R2025,VE000080 - Autres combustibles fossiles,-0.3475630268786636
Nantes,H66CAET281 - 9170-CS COUER-TRI,R2025,"VE000085 - Diesel, essence",0.0
Nantes,H66CAET281 - 9170-CS COUER-TRI,R2025,VE000088 - Autres coûts de production d'énergies,0.0
Nantes,H66CAET281 - 9170-CS COUER-TRI,R2025,VE000089 - Traitement et évacuation des sous-produits,-1.5215035800160608
Nantes,H66CAET281 - 9170-CS COUER-TRI,R2025,"VE000093 - Boues, graviers et refus de dégrillage",-1.5215035800160608
Nantes,H66CAET281 - 9170-CS COUER-TRI,R2025,VE000097 - Autres coûts d'exploitation,-12.826254380274031
Nantes,H66CAET281 - 9170-CS COUER-TRI,R2025,VE000098 - Laboratoire et analyses,0.0
Nantes,H66CAET281 - 9170-CS COUER-TRI,R2025,VE000099 - Equipements mobiles & Equipements motorisés,-4.766456790269597
Nantes,H66CAET281 - 9170-CS COUER-TRI,R2025,VE000100 - Bâtiments d'exploitation,-1.4427565913649656
Nantes,H66CAET281 - 9170-CS COUER-TRI,R2025,VE000102 - Taxes et redevances,-0.8751099244971923
Nantes,H66CAET281 - 9170-CS COUER-TRI,R2025,665IF121 - Annulat. Charges Actifs Incorp. IFRIC 12,1.6022342691028062
Nantes,H66CAET281 - 9170-CS COUER-TRI,R2025,VE000103 - Assurances,-5.817243339902393
Nantes,H66CAET281 - 9170-CS COUER-TRI,R2025,VE000104 - Autres - autres coûts d'exploitation,0.07531226576011814
Nantes,H66CAET281 - 9170-CS COUER-TRI,R2025,Marge Brute Cash,28.186186037116375
Nantes,H66CAET281 - 9170-CS COUER-TRI,R2025,VE000107 - Coûts COM & G&A (cash),-19.00400253088864
Nantes,H66CAET281 - 9170-CS COUER-TRI,R2025,VE000108 - Coûts Commerciaux (COM),-3.970561618241338
Nantes,H66CAET281 - 9170-CS COUER-TRI,R2025,VE000111 - Autres coûts (Commerciaux),-3.970561618241338
Nantes,H66CAET281 - 9170-CS COUER-TRI,R2025,VE000112 - Coûts Généraux & Administratifs (G&A),-8.850630984751664
Nantes,H66CAET281 - 9170-CS COUER-TRI,R2025,VE000115 - Autres coûts (G&A),-8.850630984751664
Nantes,H66CAET281 - 9170-CS COUER-TRI,R2025,"VE000116 - Management fees, redevances (marque, savoir-faire)",-6.18280992789564
Nantes,H66CAET281 - 9170-CS COUER-TRI,R2025,"VE000140 - Management fees, redevances (marque, savoir-faire)",-6.18280992789564
Nantes,H66CAET281 - 9170-CS COUER-TRI,R2025,EBITDA,9.182183506227723
Nantes,H66CAET281 - 9170-CS COUER-TRI,R2025,Coûts Non Cash,-7.441138128555245
Nantes,H66CAET281 - 9170-CS COUER-TRI,R2025,VE000118 - Coûts des Ventes (non cash),-7.441138128555245
Nantes,H66CAET281 - 9170-CS COUER-TRI,R2025,VE000119 - CDV - Coûts de Personnel (non cash),-0.4284063611297051
Nantes,H66CAET281 - 9170-CS COUER-TRI,R2025,VE000141 - CDV - Coûts de Personnel (non cash),-0.4284063611297051
Nantes,H66CAET281 - 9170-CS COUER-TRI,R2025,VE000121 - CDV - Autres amortissements & Dépréciation,-5.475564590928132
Nantes,H66CAET281 - 9170-CS COUER-TRI,R2025,VE000132 - CDV - Autres amortissements & Dépréciation,-5.475564590928132
Nantes,H66CAET281 - 9170-CS COUER-TRI,R2025,VE000187 - Amortissement Actif Incorporel IFRIC12,-1.5371671764974078
Nantes,H66CAET281 - 9170-CS COUER-TRI,R2025,VE000185 - Amortissement Actif Incorporel IFRIC12,-1.5371671764974078
Nantes,H66CAET281 - 9170-CS COUER-TRI,R2025,665IF122 - Amortissement Actif Incorporel IFRIC 12,-1.5371671764974078
Nantes,H66CAET281 - 9170-CS COUER-TRI,R2025,EBIT Courant,1.7410453776724748
Saran,"H66CORT282 - U487-TRI IF43-TRI,",R2023,[R0100-EW-109] Tonnes entrantes,38519.894
Saran,"H66CORT282 - U487-TRI IF43-TRI,",R2023,[R1458-EW-110] Tonnage passage chaîne,0.9583648906198965
Saran,"H66CORT282 - U487-TRI IF43-TRI,",R2023,VE000001 - Chiffre d'affaires,221.19259985502555
Saran,"H66CORT282 - U487-TRI IF43-TRI,",R2023,VE000002 - Prestations de service (hors Energie et Utilités),211.7508978607262
Saran,"H66CORT282 - U487-TRI IF43-TRI,",R2023,VE000003 - Prestation de service - part fixe,211.702600739244
Saran,"H66CORT282 - U487-TRI IF43-TRI,",R2023,VE000005 - Autres prestations de service,0.048297121482213844
Saran,"H66CORT282 - U487-TRI IF43-TRI,",R2023,VE000024 - Revenus des Travaux,7.200614570746222
Saran,"H66CORT282 - U487-TRI IF43-TRI,",R2023,VE000026 - Travaux I4 / travaux I12,7.200614570746222
Saran,"H66CORT282 - U487-TRI IF43-TRI,",R2023,VE000035 - Produits perçus pour le compte de tiers - Revenus,2.2410874235531386
Saran,"H66CORT282 - U487-TRI IF43-TRI,",R2023,VE000131 - Produits perçus pour le compte de tiers - Revenus,2.2410874235531386
Saran,"H66CORT282 - U487-TRI IF43-TRI,",R2023,VE000036 - Coûts des ventes cash (éléments PNE),-48.92879845411828
Saran,"H66CORT282 - U487-TRI IF43-TRI,",R2023,VE000044 - Coûts sous-traitance externe d'activité (Propreté),-20.55012794168125
Saran,"H66CORT282 - U487-TRI IF43-TRI,",R2023,VE000133 - Coûts sous-traitance externe d'activité (Propreté),-20.55012794168125
Saran,"H66CORT282 - U487-TRI IF43-TRI,",R2023,VE000045 - Prestations internes - Charge (Propreté),-21.178055941690808
Saran,"H66CORT282 - U487-TRI IF43-TRI,",R2023,VE000134 - Prestations internes - Charge (Propreté),-21.178055941690808
Saran,"H66CORT282 - U487-TRI IF43-TRI,",R2023,VE000048 - Coûts sous-traitance construction AFO I4 & I12,-7.200614570746222
Saran,"H66CORT282 - U487-TRI IF43-TRI,",R2023,VE000165 - Coûts sous-traitance construction AFO I4 & I12,-7.200614570746222
Saran,"H66CORT282 - U487-TRI IF43-TRI,",R2023,PNE,172.26380140090728
Saran,"H66CORT282 - U487-TRI IF43-TRI,",R2023,VE000050 - Coûts des ventes cash (hors éléments PNE),-137.6291090001442
Saran,"H66CORT282 - U487-TRI IF43-TRI,",R2023,VE000051 - Coûts de personnel,-87.02541782695458
Saran,"H66CORT282 - U487-TRI IF43-TRI,",R2023,VE000052 - Personnel exploitation - interne,-45.358165056217445
Saran,"H66CORT282 - U487-TRI IF43-TRI,",R2023,VE000053 - Personnel exploitation - externe,-32.26775000990398
Saran,"H66CORT282 - U487-TRI IF43-TRI,",R2023,VE000057 - Autres avantages sociaux,-0.9185905340237953
Saran,"H66CORT282 - U487-TRI IF43-TRI,",R2023,VE000067 - Entretien & maintenance courante (hors personnel),-3.8550822595721574
Saran,"H66CORT282 - U487-TRI IF43-TRI,",R2023,VE000068 - Pièces détachées,-1.5891762318972114
Saran,"H66CORT282 - U487-TRI IF43-TRI,",R2023,VE000069 - Sous-traitance - maintenance courante,-0.5191616051695261
Saran,"H66CORT282 - U487-TRI IF43-TRI,",R2023,VE000070 - Autres coûts - maintenance courante,-1.7467444225054203
Saran,"H66CORT282 - U487-TRI IF43-TRI,",R2023,VE000071 - Maint. Obligatoire Programmée & renouvel. (hors pers.),-18.687548569058883
Saran,"H66CORT282 - U487-TRI IF43-TRI,",R2023,VE000072 - Equipements & pièces détachées,-2.5801324894611604
Saran,"H66CORT282 - U487-TRI IF43-TRI,",R2023,"VE000073 - Sous-traitance, maint. Oblig. Prog. & renouvel.",-8.017836705365804
Saran,"H66CORT282 - U487-TRI IF43-TRI,",R2023,"VE000074 - Autres coûts, maint. Oblig. Prog. & renouvel.",-8.089579374231922
Saran,"H66CORT282 - U487-TRI IF43-TRI,",R2023,VE000077 - Coût des énergies pour production & distribution,-0.5692816807855182
Saran,"H66CORT282 - U487-TRI IF43-TRI,",R2023,VE000080 - Autres combustibles fossiles,-1.0836369383570994
Saran,"H66CORT282 - U487-TRI IF43-TRI,",R2023,"VE000085 - Diesel, essence",-0.005243524294225732
Saran,"H66CORT282 - U487-TRI IF43-TRI,",R2023,VE000088 - Autres coûts de production d'énergies,-0.00020768489134471657
Saran,"H66CORT282 - U487-TRI IF43-TRI,",R2023,VE000089 - Traitement et évacuation des sous-produits,0.0
Saran,"H66CORT282 - U487-TRI IF43-TRI,",R2023,"VE000093 - Boues, graviers et refus de dégrillage",0.0
Saran,"H66CORT282 - U487-TRI IF43-TRI,",R2023,VE000097 - Autres coûts d'exploitation,-27.472223314010154
Saran,"H66CORT282 - U487-TRI IF43-TRI,",R2023,VE000098 - Laboratoire et analyses,-0.28439849808517126
Saran,"H66CORT282 - U487-TRI IF43-TRI,",R2023,VE000099 - Equipements mobiles & Equipements motorisés,-1.7423290417154311
Saran,"H66CORT282 - U487-TRI IF43-TRI,",R2023,VE000100 - Bâtiments d'exploitation,-2.911850172796426
Saran,"H66CORT282 - U487-TRI IF43-TRI,",R2023,VE000102 - Taxes et redevances,0.4278160786216068
Saran,"H66CORT282 - U487-TRI IF43-TRI,",R2023,665IF121 - Annulat. Charges Actifs Incorp. IFRIC 12,9.08621399633135
Saran,"H66CORT282 - U487-TRI IF43-TRI,",R2023,VE000103 - Assurances,-4.96351781238027
Saran,"H66CORT282 - U487-TRI IF43-TRI,",R2023,VE000104 - Autres - autres coûts d'exploitation,-17.997943867654463
Saran,"H66CORT282 - U487-TRI IF43-TRI,",R2023,Marge Brute Cash,34.63469240076307
Saran,"H66CORT282 - U487-TRI IF43-TRI,",R2023,VE000107 - Coûts COM & G&A (cash),-19.85600401704117
Saran,"H66CORT282 - U487-TRI IF43-TRI,",R2023,VE000108 - Coûts Commerciaux (COM),-4.744459577173291
Saran,"H66CORT282 - U487-TRI IF43-TRI,",R2023,VE000111 - Autres coûts (Commerciaux),-4.744459577173291
Saran,"H66CORT282 - U487-TRI IF43-TRI,",R2023,VE000112 - Coûts Généraux & Administratifs (G&A),-11.15782847169829
Saran,"H66CORT282 - U487-TRI IF43-TRI,",R2023,VE000115 - Autres coûts (G&A),-11.15782847169829
Saran,"H66CORT282 - U487-TRI IF43-TRI,",R2023,"VE000116 - Management fees, redevances (marque, savoir-faire)",-3.9537159681695906
Saran,"H66CORT282 - U487-TRI IF43-TRI,",R2023,"VE000140 - Management fees, redevances (marque, savoir-faire)",-3.9537159681695906
Saran,"H66CORT282 - U487-TRI IF43-TRI,",R2023,EBITDA,14.778688383721896
Saran,"H66CORT282 - U487-TRI IF43-TRI,",R2023,Coûts Non Cash,-20.71784595253559
Saran,"H66CORT282 - U487-TRI IF43-TRI,",R2023,VE000118 - Coûts des Ventes (non cash),-20.71784595253559
Saran,"H66CORT282 - U487-TRI IF43-TRI,",R2023,VE000119 - CDV - Coûts de Personnel (non cash),0.673271063518503
Saran,"H66CORT282 - U487-TRI IF43-TRI,",R2023,VE000141 - CDV - Coûts de Personnel (non cash),0.673271063518503
Saran,"H66CORT282 - U487-TRI IF43-TRI,",R2023,VE000121 - CDV - Autres amortissements & Dépréciation,-12.418714340179648
Saran,"H66CORT282 - U487-TRI IF43-TRI,",R2023,VE000132 - CDV - Autres amortissements & Dépréciation,-12.418714340179648
Saran,"H66CORT282 - U487-TRI IF43-TRI,",R2023,VE000187 - Amortissement Actif Incorporel IFRIC12,-8.972402675874445
Saran,"H66CORT282 - U487-TRI IF43-TRI,",R2023,VE000185 - Amortissement Actif Incorporel IFRIC12,-8.972402675874445
Saran,"H66CORT282 - U487-TRI IF43-TRI,",R2023,665IF122 - Amortissement Actif Incorporel IFRIC 12,-8.972402675874445
Saran,"H66CORT282 - U487-TRI IF43-TRI,",R2023,EBIT Courant,-5.939157568813699
Saran,"H66CORT282 - U487-TRI IF43-TRI,",R2023,VE000054 - Personnel maintenance - interne,-8.480912226809348
Saran,"H66CORT282 - U487-TRI IF43-TRI,",R2023,VE000083 - Electricité,0.5198064667571515
Saran,"H66CORT282 - U487-TRI IF43-TRI,",R2023,VE000084 - Achat d'eau,-0.019555349762904333
Saran,"H66CORT282 - U487-TRI IF43-TRI,",R2023,VE000122 - CDV - Autres charges (non cash),0.0
Saran,"H66CORT282 - U487-TRI IF43-TRI,",R2023,VE000139 - CDV - Autres charges (non cash),0.0
Saran,"H66CORT282 - U487-TRI IF43-TRI,",R2023,VE000161 - Coûts des réactifs et des achats d'eau,-0.019555349762904333
Saran,"H66CORT282 - U487-TRI IF43-TRI,",R2024,[R0100-EW-109] Tonnes entrantes,39432.556
Saran,"H66CORT282 - U487-TRI IF43-TRI,",R2024,[R1458-EW-110] Tonnage passage chaîne,1.0000003550365844
Saran,"H66CORT282 - U487-TRI IF43-TRI,",R2024,VE000001 - Chiffre d'affaires,208.7988082740566
Saran,"H66CORT282 - U487-TRI IF43-TRI,",R2024,VE000002 - Prestations de service (hors Energie et Utilités),203.73525089268875
Saran,"H66CORT282 - U487-TRI IF43-TRI,",R2024,VE000003 - Prestation de service - part fixe,203.73525089268875
Saran,"H66CORT282 - U487-TRI IF43-TRI,",R2024,VE000005 - Autres prestations de service,0.0
Saran,"H66CORT282 - U487-TRI IF43-TRI,",R2024,VE000024 - Revenus des Travaux,1.3751424077100152
Saran,"H66CORT282 - U487-TRI IF43-TRI,",R2024,VE000026 - Travaux I4 / travaux I12,1.3751424077100152
Saran,"H66CORT282 - U487-TRI IF43-TRI,",R2024,VE000035 - Produits perçus pour le compte de tiers - Revenus,3.6884149736578076
Saran,"H66CORT282 - U487-TRI IF43-TRI,",R2024,VE000131 - Produits perçus pour le compte de tiers - Revenus,3.6884149736578076
Saran,"H66CORT282 - U487-TRI IF43-TRI,",R2024,VE000036 - Coûts des ventes cash (éléments PNE),-30.274180552739217
Saran,"H66CORT282 - U487-TRI IF43-TRI,",R2024,VE000044 - Coûts sous-traitance externe d'activité (Propreté),-0.7732088176074611
Saran,"H66CORT282 - U487-TRI IF43-TRI,",R2024,VE000133 - Coûts sous-traitance externe d'activité (Propreté),-0.7732088176074611
Saran,"H66CORT282 - U487-TRI IF43-TRI,",R2024,VE000045 - Prestations internes - Charge (Propreté),-28.12582932742174
Saran,"H66CORT282 - U487-TRI IF43-TRI,",R2024,VE000134 - Prestations internes - Charge (Propreté),-28.12582932742174
Saran,"H66CORT282 - U487-TRI IF43-TRI,",R2024,VE000048 - Coûts sous-traitance construction AFO I4 & I12,-1.3751424077100152
Saran,"H66CORT282 - U487-TRI IF43-TRI,",R2024,VE000165 - Coûts sous-traitance construction AFO I4 & I12,-1.3751424077100152
Saran,"H66CORT282 - U487-TRI IF43-TRI,",R2024,PNE,178.5246277213174
Saran,"H66CORT282 - U487-TRI IF43-TRI,",R2024,VE000050 - Coûts des ventes cash (hors éléments PNE),-144.11355124937887
Saran,"H66CORT282 - U487-TRI IF43-TRI,",R2024,VE000051 - Coûts de personnel,-89.44211224856944
Saran,"H66CORT282 - U487-TRI IF43-TRI,",R2024,VE000052 - Personnel exploitation - interne,-48.821989627048275
Saran,"H66CORT282 - U487-TRI IF43-TRI,",R2024,VE000053 - Personnel exploitation - externe,-33.72829166843763
Saran,"H66CORT282 - U487-TRI IF43-TRI,",R2024,VE000057 - Autres avantages sociaux,-0.9802397795364824
Saran,"H66CORT282 - U487-TRI IF43-TRI,",R2024,VE000067 - Entretien & maintenance courante (hors personnel),-4.530648482436695
Saran,"H66CORT282 - U487-TRI IF43-TRI,",R2024,VE000068 - Pièces détachées,-2.238788933692252
Saran,"H66CORT282 - U487-TRI IF43-TRI,",R2024,VE000069 - Sous-traitance - maintenance courante,-0.2813507701605749
Saran,"H66CORT282 - U487-TRI IF43-TRI,",R2024,VE000070 - Autres coûts - maintenance courante,-2.0105087785838687
Saran,"H66CORT282 - U487-TRI IF43-TRI,",R2024,VE000071 - Maint. Obligatoire Programmée & renouvel. (hors pers.),-23.06567243574066
Saran,"H66CORT282 - U487-TRI IF43-TRI,",R2024,VE000072 - Equipements & pièces détachées,-3.350063587052283
Saran,"H66CORT282 - U487-TRI IF43-TRI,",R2024,"VE000073 - Sous-traitance, maint. Oblig. Prog. & renouvel.",-7.8987595934689105
Saran,"H66CORT282 - U487-TRI IF43-TRI,",R2024,"VE000074 - Autres coûts, maint. Oblig. Prog. & renouvel.",-11.81684925521947
Saran,"H66CORT282 - U487-TRI IF43-TRI,",R2024,VE000077 - Coût des énergies pour production & distribution,-1.2648855427986967
Saran,"H66CORT282 - U487-TRI IF43-TRI,",R2024,VE000080 - Autres combustibles fossiles,-1.1868713253079513
Saran,"H66CORT282 - U487-TRI IF43-TRI,",R2024,"VE000085 - Diesel, essence",-0.0043550309039059
Saran,"H66CORT282 - U487-TRI IF43-TRI,",R2024,VE000088 - Autres coûts de production d'énergies,0.0
Saran,"H66CORT282 - U487-TRI IF43-TRI,",R2024,VE000089 - Traitement et évacuation des sous-produits,-0.02719707035983161
Saran,"H66CORT282 - U487-TRI IF43-TRI,",R2024,"VE000093 - Boues, graviers et refus de dégrillage",-0.02719707035983161
Saran,"H66CORT282 - U487-TRI IF43-TRI,",R2024,VE000097 - Autres coûts d'exploitation,-25.750393913090495
Saran,"H66CORT282 - U487-TRI IF43-TRI,",R2024,VE000098 - Laboratoire et analyses,0.0
Saran,"H66CORT282 - U487-TRI IF43-TRI,",R2024,VE000099 - Equipements mobiles & Equipements motorisés,-1.54340920735648
Saran,"H66CORT282 - U487-TRI IF43-TRI,",R2024,VE000100 - Bâtiments d'exploitation,-3.480879859778808
Saran,"H66CORT282 - U487-TRI IF43-TRI,",R2024,VE000102 - Taxes et redevances,-1.5924116103455237
Saran,"H66CORT282 - U487-TRI IF43-TRI,",R2024,665IF121 - Annulat. Charges Actifs Incorp. IFRIC 12,8.875914612281285
Saran,"H66CORT282 - U487-TRI IF43-TRI,",R2024,VE000103 - Assurances,-5.320167934333245
Saran,"H66CORT282 - U487-TRI IF43-TRI,",R2024,VE000104 - Autres - autres coûts d'exploitation,-13.813525301276439
Saran,"H66CORT282 - U487-TRI IF43-TRI,",R2024,Marge Brute Cash,34.41107647193854
Saran,"H66CORT282 - U487-TRI IF43-TRI,",R2024,VE000107 - Coûts COM & G&A (cash),-17.030851867680095
Saran,"H66CORT282 - U487-TRI IF43-TRI,",R2024,VE000108 - Coûts Commerciaux (COM),-3.5544984707559917
Saran,"H66CORT282 - U487-TRI IF43-TRI,",R2024,VE000111 - Autres coûts (Commerciaux),-3.5544984707559917
Saran,"H66CORT282 - U487-TRI IF43-TRI,",R2024,VE000112 - Coûts Généraux & Administratifs (G&A),-7.941492811168517
Saran,"H66CORT282 - U487-TRI IF43-TRI,",R2024,VE000115 - Autres coûts (G&A),-7.941492811168517
Saran,"H66CORT282 - U487-TRI IF43-TRI,",R2024,"VE000116 - Management fees, redevances (marque, savoir-faire)",-5.534860585755588
Saran,"H66CORT282 - U487-TRI IF43-TRI,",R2024,"VE000140 - Management fees, redevances (marque, savoir-faire)",-5.534860585755588
Saran,"H66CORT282 - U487-TRI IF43-TRI,",R2024,EBITDA,17.38022460425845
Saran,"H66CORT282 - U487-TRI IF43-TRI,",R2024,Coûts Non Cash,-18.705821910200292
Saran,"H66CORT282 - U487-TRI IF43-TRI,",R2024,VE000118 - Coûts des Ventes (non cash),-18.705821910200292
Saran,"H66CORT282 - U487-TRI IF43-TRI,",R2024,VE000119 - CDV - Coûts de Personnel (non cash),-0.3389993283722212
Saran,"H66CORT282 - U487-TRI IF43-TRI,",R2024,VE000141 - CDV - Coûts de Personnel (non cash),-0.3389993283722212
Saran,"H66CORT282 - U487-TRI IF43-TRI,",R2024,VE000121 - CDV - Autres amortissements & Dépréciation,-11.552063731298574
Saran,"H66CORT282 - U487-TRI IF43-TRI,",R2024,VE000132 - CDV - Autres amortissements & Dépréciation,-11.552063731298574
Saran,"H66CORT282 - U487-TRI IF43-TRI,",R2024,VE000187 - Amortissement Actif Incorporel IFRIC12,-8.764744035360025
Saran,"H66CORT282 - U487-TRI IF43-TRI,",R2024,VE000185 - Amortissement Actif Incorporel IFRIC12,-8.764744035360025
Saran,"H66CORT282 - U487-TRI IF43-TRI,",R2024,665IF122 - Amortissement Actif Incorporel IFRIC 12,-8.764744035360025
Saran,"H66CORT282 - U487-TRI IF43-TRI,",R2024,EBIT Courant,-1.3255973059418384
Saran,"H66CORT282 - U487-TRI IF43-TRI,",R2024,VE000054 - Personnel maintenance - interne,-5.911591173547056
Saran,"H66CORT282 - U487-TRI IF43-TRI,",R2024,VE000083 - Electricité,-0.07365918658683958
Saran,"H66CORT282 - U487-TRI IF43-TRI,",R2024,VE000084 - Achat d'eau,-0.03264155638300495
Saran,"H66CORT282 - U487-TRI IF43-TRI,",R2024,VE000122 - CDV - Autres charges (non cash),1.9499851848305243
Saran,"H66CORT282 - U487-TRI IF43-TRI,",R2024,VE000139 - CDV - Autres charges (non cash),1.9499851848305243
Saran,"H66CORT282 - U487-TRI IF43-TRI,",R2024,VE000161 - Coûts des réactifs et des achats d'eau,-0.03264155638300495
Saran,"H66CORT282 - U487-TRI IF43-TRI,",R2025,[R0100-EW-109] Tonnes entrantes,40227.566
Saran,"H66CORT282 - U487-TRI IF43-TRI,",R2025,[R1458-EW-110] Tonnage passage chaîne,0.9999939842246484
Saran,"H66CORT282 - U487-TRI IF43-TRI,",R2025,VE000001 - Chiffre d'affaires,225.55493389781526
Saran,"H66CORT282 - U487-TRI IF43-TRI,",R2025,VE000002 - Prestations de service (hors Energie et Utilités),204.17781702228768
Saran,"H66CORT282 - U487-TRI IF43-TRI,",R2025,VE000003 - Prestation de service - part fixe,204.17781702228768
Saran,"H66CORT282 - U487-TRI IF43-TRI,",R2025,VE000005 - Autres prestations de service,0.0
Saran,"H66CORT282 - U487-TRI IF43-TRI,",R2025,VE000024 - Revenus des Travaux,17.25100693390199
Saran,"H66CORT282 - U487-TRI IF43-TRI,",R2025,VE000026 - Travaux I4 / travaux I12,17.25100693390199
Saran,"H66CORT282 - U487-TRI IF43-TRI,",R2025,VE000035 - Produits perçus pour le compte de tiers - Revenus,4.1261099416256
Saran,"H66CORT282 - U487-TRI IF43-TRI,",R2025,VE000131 - Produits perçus pour le compte de tiers - Revenus,4.1261099416256
Saran,"H66CORT282 - U487-TRI IF43-TRI,",R2025,VE000036 - Coûts des ventes cash (éléments PNE),-49.53007149376127
Saran,"H66CORT282 - U487-TRI IF43-TRI,",R2025,VE000044 - Coûts sous-traitance externe d'activité (Propreté),-1.676474783485533
Saran,"H66CORT282 - U487-TRI IF43-TRI,",R2025,VE000133 - Coûts sous-traitance externe d'activité (Propreté),-1.676474783485533
Saran,"H66CORT282 - U487-TRI IF43-TRI,",R2025,VE000045 - Prestations internes - Charge (Propreté),-30.602589776373744
Saran,"H66CORT282 - U487-TRI IF43-TRI,",R2025,VE000134 - Prestations internes - Charge (Propreté),-30.602589776373744
Saran,"H66CORT282 - U487-TRI IF43-TRI,",R2025,VE000048 - Coûts sous-traitance construction AFO I4 & I12,-17.25100693390199
Saran,"H66CORT282 - U487-TRI IF43-TRI,",R2025,VE000165 - Coûts sous-traitance construction AFO I4 & I12,-17.25100693390199
Saran,"H66CORT282 - U487-TRI IF43-TRI,",R2025,PNE,176.02486240405395
Saran,"H66CORT282 - U487-TRI IF43-TRI,",R2025,VE000050 - Coûts des ventes cash (hors éléments PNE),-134.83933454984577
Saran,"H66CORT282 - U487-TRI IF43-TRI,",R2025,VE000051 - Coûts de personnel,-92.26996632110432
Saran,"H66CORT282 - U487-TRI IF43-TRI,",R2025,VE000052 - Personnel exploitation - interne,-44.47088720207432
Saran,"H66CORT282 - U487-TRI IF43-TRI,",R2025,VE000053 - Personnel exploitation - externe,-39.912425723196876
Saran,"H66CORT282 - U487-TRI IF43-TRI,",R2025,VE000057 - Autres avantages sociaux,-0.9179745053429282
Saran,"H66CORT282 - U487-TRI IF43-TRI,",R2025,VE000067 - Entretien & maintenance courante (hors personnel),-5.925623240541076
Saran,"H66CORT282 - U487-TRI IF43-TRI,",R2025,VE000068 - Pièces détachées,-2.6981888489102226
Saran,"H66CORT282 - U487-TRI IF43-TRI,",R2025,VE000069 - Sous-traitance - maintenance courante,-0.32857618082088286
Saran,"H66CORT282 - U487-TRI IF43-TRI,",R2025,VE000070 - Autres coûts - maintenance courante,-2.8988582108099705
Saran,"H66CORT282 - U487-TRI IF43-TRI,",R2025,VE000071 - Maint. Obligatoire Programmée & renouvel. (hors pers.),-8.943395680464485
Saran,"H66CORT282 - U487-TRI IF43-TRI,",R2025,VE000072 - Equipements & pièces détachées,-3.9320305881792597
Saran,"H66CORT282 - U487-TRI IF43-TRI,",R2025,"VE000073 - Sous-traitance, maint. Oblig. Prog. & renouvel.",-6.158338041133287
Saran,"H66CORT282 - U487-TRI IF43-TRI,",R2025,"VE000074 - Autres coûts, maint. Oblig. Prog. & renouvel.",1.146972948848062
Saran,"H66CORT282 - U487-TRI IF43-TRI,",R2025,VE000077 - Coût des énergies pour production & distribution,-0.8999547723071293
Saran,"H66CORT282 - U487-TRI IF43-TRI,",R2025,VE000080 - Autres combustibles fossiles,-0.9729022630899422
Saran,"H66CORT282 - U487-TRI IF43-TRI,",R2025,"VE000085 - Diesel, essence",0.0
Saran,"H66CORT282 - U487-TRI IF43-TRI,",R2025,VE000088 - Autres coûts de production d'énergies,0.0
Saran,"H66CORT282 - U487-TRI IF43-TRI,",R2025,VE000089 - Traitement et évacuation des sous-produits,-0.0007954744266655358
Saran,"H66CORT282 - U487-TRI IF43-TRI,",R2025,"VE000093 - Boues, graviers et refus de dégrillage",-0.0007954744266655358
Saran,"H66CORT282 - U487-TRI IF43-TRI,",R2025,VE000097 - Autres coûts d'exploitation,-26.788512633351964
Saran,"H66CORT282 - U487-TRI IF43-TRI,",R2025,VE000098 - Laboratoire et analyses,0.0
Saran,"H66CORT282 - U487-TRI IF43-TRI,",R2025,VE000099 - Equipements mobiles & Equipements motorisés,-1.151636666260146
Saran,"H66CORT282 - U487-TRI IF43-TRI,",R2025,VE000100 - Bâtiments d'exploitation,-3.4407510511573087
Saran,"H66CORT282 - U487-TRI IF43-TRI,",R2025,VE000102 - Taxes et redevances,-2.8741383458298224
Saran,"H66CORT282 - U487-TRI IF43-TRI,",R2025,665IF121 - Annulat. Charges Actifs Incorp. IFRIC 12,8.700501541654297
Saran,"H66CORT282 - U487-TRI IF43-TRI,",R2025,VE000103 - Assurances,-5.545713852038674
Saran,"H66CORT282 - U487-TRI IF43-TRI,",R2025,VE000104 - Autres - autres coûts d'exploitation,-13.776272718066013
Saran,"H66CORT282 - U487-TRI IF43-TRI,",R2025,Marge Brute Cash,41.18552785420818
Saran,"H66CORT282 - U487-TRI IF43-TRI,",R2025,VE000107 - Coûts COM & G&A (cash),-17.966847410057074
Saran,"H66CORT282 - U487-TRI IF43-TRI,",R2025,VE000108 - Coûts Commerciaux (COM),-3.7534189863736724
Saran,"H66CORT282 - U487-TRI IF43-TRI,",R2025,VE000111 - Autres coûts (Commerciaux),-3.7534189863736724
Saran,"H66CORT282 - U487-TRI IF43-TRI,",R2025,VE000112 - Coûts Généraux & Administratifs (G&A),-8.368833451171266
Saran,"H66CORT282 - U487-TRI IF43-TRI,",R2025,VE000115 - Autres coûts (G&A),-8.368833451171266
Saran,"H66CORT282 - U487-TRI IF43-TRI,",R2025,"VE000116 - Management fees, redevances (marque, savoir-faire)",-5.844594972512132
Saran,"H66CORT282 - U487-TRI IF43-TRI,",R2025,"VE000140 - Management fees, redevances (marque, savoir-faire)",-5.844594972512132
Saran,"H66CORT282 - U487-TRI IF43-TRI,",R2025,EBITDA,23.218680444151122
Saran,"H66CORT282 - U487-TRI IF43-TRI,",R2025,Coûts Non Cash,-22.607522165273434
Saran,"H66CORT282 - U487-TRI IF43-TRI,",R2025,VE000118 - Coûts des Ventes (non cash),-22.607522165273434
Saran,"H66CORT282 - U487-TRI IF43-TRI,",R2025,VE000119 - CDV - Coûts de Personnel (non cash),-0.35071125108588475
Saran,"H66CORT282 - U487-TRI IF43-TRI,",R2025,VE000141 - CDV - Coûts de Personnel (non cash),-0.35071125108588475
Saran,"H66CORT282 - U487-TRI IF43-TRI,",R2025,VE000121 - CDV - Autres amortissements & Dépréciation,-12.00099578483073
Saran,"H66CORT282 - U487-TRI IF43-TRI,",R2025,VE000132 - CDV - Autres amortissements & Dépréciation,-12.00099578483073
Saran,"H66CORT282 - U487-TRI IF43-TRI,",R2025,VE000187 - Amortissement Actif Incorporel IFRIC12,-8.591528008430837
Saran,"H66CORT282 - U487-TRI IF43-TRI,",R2025,VE000185 - Amortissement Actif Incorporel IFRIC12,-8.591528008430837
Saran,"H66CORT282 - U487-TRI IF43-TRI,",R2025,665IF122 - Amortissement Actif Incorporel IFRIC 12,-8.591528008430837
Saran,"H66CORT282 - U487-TRI IF43-TRI,",R2025,EBIT Courant,0.611158278877691
Saran,"H66CORT282 - U487-TRI IF43-TRI,",R2025,VE000054 - Personnel maintenance - interne,-6.9686788904901675
Saran,"H66CORT282 - U487-TRI IF43-TRI,",R2025,VE000083 - Electricité,0.07294749078281296
Saran,"H66CORT282 - U487-TRI IF43-TRI,",R2025,VE000084 - Achat d'eau,-0.01108642765013423
Saran,"H66CORT282 - U487-TRI IF43-TRI,",R2025,VE000122 - CDV - Autres charges (non cash),-1.664287120925984
Saran,"H66CORT282 - U487-TRI IF43-TRI,",R2025,VE000139 - CDV - Autres charges (non cash),-1.664287120925984
Saran,"H66CORT282 - U487-TRI IF43-TRI,",R2025,VE000161 - Coûts des réactifs et des achats d'eau,-0.01108642765013423
Amiens,H66HTVP281 - U397-TRI CS AM-TRI,R2023,[R0100-EW-109] Tonnes entrantes,32575.321
Amiens,H66HTVP281 - U397-TRI CS AM-TRI,R2023,[R1458-EW-110] Tonnage passage chaîne,0.8745031553181013
Amiens,H66HTVP281 - U397-TRI CS AM-TRI,R2023,VE000001 - Chiffre d'affaires,259.9234300714949
Amiens,H66HTVP281 - U397-TRI CS AM-TRI,R2023,VE000002 - Prestations de service (hors Energie et Utilités),248.93993462105865
Amiens,H66HTVP281 - U397-TRI CS AM-TRI,R2023,VE000003 - Prestation de service - part fixe,248.92673444415175
Amiens,H66HTVP281 - U397-TRI CS AM-TRI,R2023,VE000004 - Prestation de service - part variable,0.0
Amiens,H66HTVP281 - U397-TRI CS AM-TRI,R2023,VE000005 - Autres prestations de service,0.013200176906929026
Amiens,H66HTVP281 - U397-TRI CS AM-TRI,R2023,VE000015 - Ventes matières recyclées & matériaux bruts,10.983495450436237
Amiens,H66HTVP281 - U397-TRI CS AM-TRI,R2023,VE000016 - Papier & carton - produit,9.685310238385679
Amiens,H66HTVP281 - U397-TRI CS AM-TRI,R2023,VE000019 - Plastiques - produit,0.08551872750540203
Amiens,H66HTVP281 - U397-TRI CS AM-TRI,R2023,VE000036 - Coûts des ventes cash (éléments PNE),-67.53341248732437
Amiens,H66HTVP281 - U397-TRI CS AM-TRI,R2023,VE000044 - Coûts sous-traitance externe d'activité (Propreté),-59.48816651722327
Amiens,H66HTVP281 - U397-TRI CS AM-TRI,R2023,VE000133 - Coûts sous-traitance externe d'activité (Propreté),-59.48816651722327
Amiens,H66HTVP281 - U397-TRI CS AM-TRI,R2023,VE000045 - Prestations internes - Charge (Propreté),-4.489936415361801
Amiens,H66HTVP281 - U397-TRI CS AM-TRI,R2023,VE000134 - Prestations internes - Charge (Propreté),-4.489936415361801
Amiens,H66HTVP281 - U397-TRI CS AM-TRI,R2023,PNE,192.39001758417055
Amiens,H66HTVP281 - U397-TRI CS AM-TRI,R2023,VE000050 - Coûts des ventes cash (hors éléments PNE),-136.13469012323773
Amiens,H66HTVP281 - U397-TRI CS AM-TRI,R2023,VE000051 - Coûts de personnel,-87.78216245359486
Amiens,H66HTVP281 - U397-TRI CS AM-TRI,R2023,VE000052 - Personnel exploitation - interne,-40.73647900507258
Amiens,H66HTVP281 - U397-TRI CS AM-TRI,R2023,VE000053 - Personnel exploitation - externe,-41.851422124128874
Amiens,H66HTVP281 - U397-TRI CS AM-TRI,R2023,VE000057 - Autres avantages sociaux,-1.2567777919978134
Amiens,H66HTVP281 - U397-TRI CS AM-TRI,R2023,VE000067 - Entretien & maintenance courante (hors personnel),-10.672541952848295
Amiens,H66HTVP281 - U397-TRI CS AM-TRI,R2023,VE000068 - Pièces détachées,-5.576142135329998
Amiens,H66HTVP281 - U397-TRI CS AM-TRI,R2023,VE000069 - Sous-traitance - maintenance courante,-4.7846186995363755
Amiens,H66HTVP281 - U397-TRI CS AM-TRI,R2023,VE000070 - Autres coûts - maintenance courante,-0.3117811179819226
Amiens,H66HTVP281 - U397-TRI CS AM-TRI,R2023,VE000077 - Coût des énergies pour production & distribution,-11.335591443596215
Amiens,H66HTVP281 - U397-TRI CS AM-TRI,R2023,VE000080 - Autres combustibles fossiles,-1.5303873751543386
Amiens,H66HTVP281 - U397-TRI CS AM-TRI,R2023,"VE000085 - Diesel, essence",-0.1169511115485247
Amiens,H66HTVP281 - U397-TRI CS AM-TRI,R2023,VE000088 - Autres coûts de production d'énergies,-0.02513804852452567
Amiens,H66HTVP281 - U397-TRI CS AM-TRI,R2023,VE000089 - Traitement et évacuation des sous-produits,0.0
Amiens,H66HTVP281 - U397-TRI CS AM-TRI,R2023,"VE000093 - Boues, graviers et refus de dégrillage",0.0
Amiens,H66HTVP281 - U397-TRI CS AM-TRI,R2023,VE000097 - Autres coûts d'exploitation,-26.176129469299788
Amiens,H66HTVP281 - U397-TRI CS AM-TRI,R2023,VE000098 - Laboratoire et analyses,-0.7100712837181251
Amiens,H66HTVP281 - U397-TRI CS AM-TRI,R2023,VE000099 - Equipements mobiles & Equipements motorisés,-3.7182150868137263
Amiens,H66HTVP281 - U397-TRI CS AM-TRI,R2023,VE000100 - Bâtiments d'exploitation,-2.926933551936449
Amiens,H66HTVP281 - U397-TRI CS AM-TRI,R2023,VE000102 - Taxes et redevances,-0.9240311093173879
Amiens,H66HTVP281 - U397-TRI CS AM-TRI,R2023,VE000103 - Assurances,-2.903871921937469
Amiens,H66HTVP281 - U397-TRI CS AM-TRI,R2023,VE000104 - Autres - autres coûts d'exploitation,-14.993006515576626
Amiens,H66HTVP281 - U397-TRI CS AM-TRI,R2023,Marge Brute Cash,56.255327460932776
Amiens,H66HTVP281 - U397-TRI CS AM-TRI,R2023,VE000107 - Coûts COM & G&A (cash),-28.604853041970024
Amiens,H66HTVP281 - U397-TRI CS AM-TRI,R2023,VE000108 - Coûts Commerciaux (COM),-8.34804206534143
Amiens,H66HTVP281 - U397-TRI CS AM-TRI,R2023,VE000111 - Autres coûts (Commerciaux),-8.34804206534143
Amiens,H66HTVP281 - U397-TRI CS AM-TRI,R2023,VE000112 - Coûts Généraux & Administratifs (G&A),-10.756037983478352
Amiens,H66HTVP281 - U397-TRI CS AM-TRI,R2023,VE000115 - Autres coûts (G&A),-10.756037983478352
Amiens,H66HTVP281 - U397-TRI CS AM-TRI,R2023,"VE000116 - Management fees, redevances (marque, savoir-faire)",-9.500772993150244
Amiens,H66HTVP281 - U397-TRI CS AM-TRI,R2023,"VE000140 - Management fees, redevances (marque, savoir-faire)",-9.500772993150244
Amiens,H66HTVP281 - U397-TRI CS AM-TRI,R2023,EBITDA,27.65047441896275
Amiens,H66HTVP281 - U397-TRI CS AM-TRI,R2023,Coûts Non Cash,-26.308537374044608
Amiens,H66HTVP281 - U397-TRI CS AM-TRI,R2023,VE000118 - Coûts des Ventes (non cash),-26.308537374044608
Amiens,H66HTVP281 - U397-TRI CS AM-TRI,R2023,VE000119 - CDV - Coûts de Personnel (non cash),0.6762318627650669
Amiens,H66HTVP281 - U397-TRI CS AM-TRI,R2023,VE000141 - CDV - Coûts de Personnel (non cash),0.6762318627650669
Amiens,H66HTVP281 - U397-TRI CS AM-TRI,R2023,VE000121 - CDV - Autres amortissements & Dépréciation,-26.984769236809672
Amiens,H66HTVP281 - U397-TRI CS AM-TRI,R2023,VE000132 - CDV - Autres amortissements & Dépréciation,-26.984769236809672
Amiens,H66HTVP281 - U397-TRI CS AM-TRI,R2023,EBIT Courant,1.341937044918148
Amiens,H66HTVP281 - U397-TRI CS AM-TRI,R2023,VE000021 - Autres produits recyclés - produit,1.2126664845451562
Amiens,H66HTVP281 - U397-TRI CS AM-TRI,R2023,VE000037 - Coûts d'achat de produits pour revente (Propreté),-3.688993578912085
Amiens,H66HTVP281 - U397-TRI CS AM-TRI,R2023,VE000038 - Papier & carton - charges,-3.688993578912085
Amiens,H66HTVP281 - U397-TRI CS AM-TRI,R2023,VE000041 - Plastiques - charges,0.0
Amiens,H66HTVP281 - U397-TRI CS AM-TRI,R2023,VE000043 - Autres marchandises pour revente - Propreté,0.0
Amiens,H66HTVP281 - U397-TRI CS AM-TRI,R2023,VE000046 - Prestations internes - Produit (Propreté),0.13368402417277792
Amiens,H66HTVP281 - U397-TRI CS AM-TRI,R2023,VE000054 - Personnel maintenance - interne,-3.937483532395582
Amiens,H66HTVP281 - U397-TRI CS AM-TRI,R2023,VE000055 - Personnel maintenance - externe,0.0
Amiens,H66HTVP281 - U397-TRI CS AM-TRI,R2023,VE000075 - Autre sous-traitance (Construction & Travaux),0.0
Amiens,H66HTVP281 - U397-TRI CS AM-TRI,R2023,VE000079 - Gaz,3.069808583073757e-07
Amiens,H66HTVP281 - U397-TRI CS AM-TRI,R2023,VE000083 - Electricité,-9.663115215349682
Amiens,H66HTVP281 - U397-TRI CS AM-TRI,R2023,VE000084 - Achat d'eau,-0.03229837704438891
Amiens,H66HTVP281 - U397-TRI CS AM-TRI,R2023,VE000086 - Réactifs,-0.13596642685424346
Amiens,H66HTVP281 - U397-TRI CS AM-TRI,R2023,VE000122 - CDV - Autres charges (non cash),0.0
Amiens,H66HTVP281 - U397-TRI CS AM-TRI,R2023,VE000135 - Prestations internes - Produit (Propreté),0.13368402417277792
Amiens,H66HTVP281 - U397-TRI CS AM-TRI,R2023,VE000137 - Autre sous-traitance (Construction & Travaux),0.0
Amiens,H66HTVP281 - U397-TRI CS AM-TRI,R2023,VE000139 - CDV - Autres charges (non cash),0.0
Amiens,H66HTVP281 - U397-TRI CS AM-TRI,R2023,VE000161 - Coûts des réactifs et des achats d'eau,-0.16826480389863235
Amiens,H66HTVP281 - U397-TRI CS AM-TRI,R2024,[R0100-EW-109] Tonnes entrantes,33471.06999999999
Amiens,H66HTVP281 - U397-TRI CS AM-TRI,R2024,[R1458-EW-110] Tonnage passage chaîne,0.9274113435871637
Amiens,H66HTVP281 - U397-TRI CS AM-TRI,R2024,VE000001 - Chiffre d'affaires,264.4858210388853
Amiens,H66HTVP281 - U397-TRI CS AM-TRI,R2024,VE000002 - Prestations de service (hors Energie et Utilités),260.29149859864066
Amiens,H66HTVP281 - U397-TRI CS AM-TRI,R2024,VE000003 - Prestation de service - part fixe,259.7265629691552
Amiens,H66HTVP281 - U397-TRI CS AM-TRI,R2024,VE000004 - Prestation de service - part variable,0.0
Amiens,H66HTVP281 - U397-TRI CS AM-TRI,R2024,VE000005 - Autres prestations de service,0.5649356294854035
Amiens,H66HTVP281 - U397-TRI CS AM-TRI,R2024,VE000015 - Ventes matières recyclées & matériaux bruts,4.194322440244666
Amiens,H66HTVP281 - U397-TRI CS AM-TRI,R2024,VE000016 - Papier & carton - produit,5.030721754637663
Amiens,H66HTVP281 - U397-TRI CS AM-TRI,R2024,VE000019 - Plastiques - produit,0.34381392647441517
Amiens,H66HTVP281 - U397-TRI CS AM-TRI,R2024,VE000036 - Coûts des ventes cash (éléments PNE),-53.289572457647765
Amiens,H66HTVP281 - U397-TRI CS AM-TRI,R2024,VE000044 - Coûts sous-traitance externe d'activité (Propreté),-48.22570476533915
Amiens,H66HTVP281 - U397-TRI CS AM-TRI,R2024,VE000133 - Coûts sous-traitance externe d'activité (Propreté),-48.22570476533915
Amiens,H66HTVP281 - U397-TRI CS AM-TRI,R2024,VE000045 - Prestations internes - Charge (Propreté),-4.699174540879632
Amiens,H66HTVP281 - U397-TRI CS AM-TRI,R2024,VE000134 - Prestations internes - Charge (Propreté),-4.699174540879632
Amiens,H66HTVP281 - U397-TRI CS AM-TRI,R2024,PNE,211.19624858123746
Amiens,H66HTVP281 - U397-TRI CS AM-TRI,R2024,VE000050 - Coûts des ventes cash (hors éléments PNE),-148.05306373533924
Amiens,H66HTVP281 - U397-TRI CS AM-TRI,R2024,VE000051 - Coûts de personnel,-99.27537064097444
Amiens,H66HTVP281 - U397-TRI CS AM-TRI,R2024,VE000052 - Personnel exploitation - interne,-42.115852585531336
Amiens,H66HTVP281 - U397-TRI CS AM-TRI,R2024,VE000053 - Personnel exploitation - externe,-52.437293758460676
Amiens,H66HTVP281 - U397-TRI CS AM-TRI,R2024,VE000057 - Autres avantages sociaux,-0.8801804065421271
Amiens,H66HTVP281 - U397-TRI CS AM-TRI,R2024,VE000067 - Entretien & maintenance courante (hors personnel),-5.032287285706732
Amiens,H66HTVP281 - U397-TRI CS AM-TRI,R2024,VE000068 - Pièces détachées,-2.5741390998256106
Amiens,H66HTVP281 - U397-TRI CS AM-TRI,R2024,VE000069 - Sous-traitance - maintenance courante,-2.4480932339480037
Amiens,H66HTVP281 - U397-TRI CS AM-TRI,R2024,VE000070 - Autres coûts - maintenance courante,-0.010054951933117184
Amiens,H66HTVP281 - U397-TRI CS AM-TRI,R2024,VE000077 - Coût des énergies pour production & distribution,-12.973501295297703
Amiens,H66HTVP281 - U397-TRI CS AM-TRI,R2024,VE000080 - Autres combustibles fossiles,-1.5092346913319474
Amiens,H66HTVP281 - U397-TRI CS AM-TRI,R2024,"VE000085 - Diesel, essence",-0.12650536717230734
Amiens,H66HTVP281 - U397-TRI CS AM-TRI,R2024,VE000088 - Autres coûts de production d'énergies,0.005943939049453753
Amiens,H66HTVP281 - U397-TRI CS AM-TRI,R2024,VE000089 - Traitement et évacuation des sous-produits,4.959506821861387e-05
Amiens,H66HTVP281 - U397-TRI CS AM-TRI,R2024,"VE000093 - Boues, graviers et refus de dégrillage",4.959506821861387e-05
Amiens,H66HTVP281 - U397-TRI CS AM-TRI,R2024,VE000097 - Autres coûts d'exploitation,-30.474571323832798
Amiens,H66HTVP281 - U397-TRI CS AM-TRI,R2024,VE000098 - Laboratoire et analyses,0.03567857257028231
Amiens,H66HTVP281 - U397-TRI CS AM-TRI,R2024,VE000099 - Equipements mobiles & Equipements motorisés,-4.770196471161515
Amiens,H66HTVP281 - U397-TRI CS AM-TRI,R2024,VE000100 - Bâtiments d'exploitation,-0.8637435253787825
Amiens,H66HTVP281 - U397-TRI CS AM-TRI,R2024,VE000102 - Taxes et redevances,-1.3001926738523748
Amiens,H66HTVP281 - U397-TRI CS AM-TRI,R2024,VE000103 - Assurances,-3.5928585491888976
Amiens,H66HTVP281 - U397-TRI CS AM-TRI,R2024,VE000104 - Autres - autres coûts d'exploitation,-19.983258676821507
Amiens,H66HTVP281 - U397-TRI CS AM-TRI,R2024,Marge Brute Cash,63.14318484589825
Amiens,H66HTVP281 - U397-TRI CS AM-TRI,R2024,VE000107 - Coûts COM & G&A (cash),-33.7352059554714
Amiens,H66HTVP281 - U397-TRI CS AM-TRI,R2024,VE000108 - Coûts Commerciaux (COM),-10.453551380341294
Amiens,H66HTVP281 - U397-TRI CS AM-TRI,R2024,VE000111 - Autres coûts (Commerciaux),-10.453551380341294
Amiens,H66HTVP281 - U397-TRI CS AM-TRI,R2024,VE000112 - Coûts Généraux & Administratifs (G&A),-11.385928206059743
Amiens,H66HTVP281 - U397-TRI CS AM-TRI,R2024,VE000115 - Autres coûts (G&A),-11.385928206059743
Amiens,H66HTVP281 - U397-TRI CS AM-TRI,R2024,"VE000116 - Management fees, redevances (marque, savoir-faire)",-11.895726369070363
Amiens,H66HTVP281 - U397-TRI CS AM-TRI,R2024,"VE000140 - Management fees, redevances (marque, savoir-faire)",-11.895726369070363
Amiens,H66HTVP281 - U397-TRI CS AM-TRI,R2024,EBITDA,29.407978890426854
Amiens,H66HTVP281 - U397-TRI CS AM-TRI,R2024,Coûts Non Cash,-28.804687450983796
Amiens,H66HTVP281 - U397-TRI CS AM-TRI,R2024,VE000118 - Coûts des Ventes (non cash),-28.804687450983796
Amiens,H66HTVP281 - U397-TRI CS AM-TRI,R2024,VE000119 - CDV - Coûts de Personnel (non cash),-0.07525573577420738
Amiens,H66HTVP281 - U397-TRI CS AM-TRI,R2024,VE000141 - CDV - Coûts de Personnel (non cash),-0.07525573577420738
Amiens,H66HTVP281 - U397-TRI CS AM-TRI,R2024,VE000121 - CDV - Autres amortissements & Dépréciation,-17.268489474641836
Amiens,H66HTVP281 - U397-TRI CS AM-TRI,R2024,VE000132 - CDV - Autres amortissements & Dépréciation,-17.268489474641836
Amiens,H66HTVP281 - U397-TRI CS AM-TRI,R2024,EBIT Courant,0.6032914394430601
Amiens,H66HTVP281 - U397-TRI CS AM-TRI,R2024,VE000021 - Autres produits recyclés - produit,-1.180213240867412
Amiens,H66HTVP281 - U397-TRI CS AM-TRI,R2024,VE000037 - Coûts d'achat de produits pour revente (Propreté),-0.5042733919172588
Amiens,H66HTVP281 - U397-TRI CS AM-TRI,R2024,VE000038 - Papier & carton - charges,-0.5182421715230497
Amiens,H66HTVP281 - U397-TRI CS AM-TRI,R2024,VE000041 - Plastiques - charges,-0.06341147743409459
Amiens,H66HTVP281 - U397-TRI CS AM-TRI,R2024,VE000043 - Autres marchandises pour revente - Propreté,0.0773802570398855
Amiens,H66HTVP281 - U397-TRI CS AM-TRI,R2024,VE000046 - Prestations internes - Produit (Propreté),0.1395802404882784
Amiens,H66HTVP281 - U397-TRI CS AM-TRI,R2024,VE000054 - Personnel maintenance - interne,-3.8420438904403125
Amiens,H66HTVP281 - U397-TRI CS AM-TRI,R2024,VE000055 - Personnel maintenance - externe,0.0
Amiens,H66HTVP281 - U397-TRI CS AM-TRI,R2024,VE000075 - Autre sous-traitance (Construction & Travaux),-0.1896488519787387
Amiens,H66HTVP281 - U397-TRI CS AM-TRI,R2024,VE000079 - Gaz,-0.3978361014452183
Amiens,H66HTVP281 - U397-TRI CS AM-TRI,R2024,VE000083 - Electricité,-10.945869074397685
Amiens,H66HTVP281 - U397-TRI CS AM-TRI,R2024,VE000084 - Achat d'eau,-0.02492092424891108
Amiens,H66HTVP281 - U397-TRI CS AM-TRI,R2024,VE000086 - Réactifs,-0.08281300836812211
Amiens,H66HTVP281 - U397-TRI CS AM-TRI,R2024,VE000122 - CDV - Autres charges (non cash),-11.460942240567753
Amiens,H66HTVP281 - U397-TRI CS AM-TRI,R2024,VE000135 - Prestations internes - Produit (Propreté),0.1395802404882784
Amiens,H66HTVP281 - U397-TRI CS AM-TRI,R2024,VE000137 - Autre sous-traitance (Construction & Travaux),-0.1896488519787387
Amiens,H66HTVP281 - U397-TRI CS AM-TRI,R2024,VE000139 - CDV - Autres charges (non cash),-11.460942240567753
Amiens,H66HTVP281 - U397-TRI CS AM-TRI,R2024,VE000161 - Coûts des réactifs et des achats d'eau,-0.10773393261703318
Amiens,H66HTVP281 - U397-TRI CS AM-TRI,R2025,[R0100-EW-109] Tonnes entrantes,34496.79
Amiens,H66HTVP281 - U397-TRI CS AM-TRI,R2025,[R1458-EW-110] Tonnage passage chaîne,0.8769815974181945
Amiens,H66HTVP281 - U397-TRI CS AM-TRI,R2025,VE000001 - Chiffre d'affaires,267.0322667703285
Amiens,H66HTVP281 - U397-TRI CS AM-TRI,R2025,VE000002 - Prestations de service (hors Energie et Utilités),265.37024720271074
Amiens,H66HTVP281 - U397-TRI CS AM-TRI,R2025,VE000003 - Prestation de service - part fixe,265.9637035793765
Amiens,H66HTVP281 - U397-TRI CS AM-TRI,R2025,VE000004 - Prestation de service - part variable,0.0
Amiens,H66HTVP281 - U397-TRI CS AM-TRI,R2025,VE000005 - Autres prestations de service,-0.5934563766657709
Amiens,H66HTVP281 - U397-TRI CS AM-TRI,R2025,VE000015 - Ventes matières recyclées & matériaux bruts,1.6620195676177416
Amiens,H66HTVP281 - U397-TRI CS AM-TRI,R2025,VE000016 - Papier & carton - produit,1.638684063067898
Amiens,H66HTVP281 - U397-TRI CS AM-TRI,R2025,VE000019 - Plastiques - produit,0.023335504549843622
Amiens,H66HTVP281 - U397-TRI CS AM-TRI,R2025,VE000036 - Coûts des ventes cash (éléments PNE),-88.38975713392463
Amiens,H66HTVP281 - U397-TRI CS AM-TRI,R2025,VE000044 - Coûts sous-traitance externe d'activité (Propreté),-67.1112048396387
Amiens,H66HTVP281 - U397-TRI CS AM-TRI,R2025,VE000133 - Coûts sous-traitance externe d'activité (Propreté),-67.1112048396387
Amiens,H66HTVP281 - U397-TRI CS AM-TRI,R2025,VE000045 - Prestations internes - Charge (Propreté),-22.741486961540478
Amiens,H66HTVP281 - U397-TRI CS AM-TRI,R2025,VE000134 - Prestations internes - Charge (Propreté),-22.741486961540478
Amiens,H66HTVP281 - U397-TRI CS AM-TRI,R2025,PNE,178.64250963640384
Amiens,H66HTVP281 - U397-TRI CS AM-TRI,R2025,VE000050 - Coûts des ventes cash (hors éléments PNE),-154.40716918878545
Amiens,H66HTVP281 - U397-TRI CS AM-TRI,R2025,VE000051 - Coûts de personnel,-100.78771734993315
Amiens,H66HTVP281 - U397-TRI CS AM-TRI,R2025,VE000052 - Personnel exploitation - interne,-48.42804620371924
Amiens,H66HTVP281 - U397-TRI CS AM-TRI,R2025,VE000053 - Personnel exploitation - externe,-48.563133555325
Amiens,H66HTVP281 - U397-TRI CS AM-TRI,R2025,VE000057 - Autres avantages sociaux,-0.5380117976194306
Amiens,H66HTVP281 - U397-TRI CS AM-TRI,R2025,VE000067 - Entretien & maintenance courante (hors personnel),-7.671082439844402
Amiens,H66HTVP281 - U397-TRI CS AM-TRI,R2025,VE000068 - Pièces détachées,-3.201249739468513
Amiens,H66HTVP281 - U397-TRI CS AM-TRI,R2025,VE000069 - Sous-traitance - maintenance courante,-4.46024224282897
Amiens,H66HTVP281 - U397-TRI CS AM-TRI,R2025,VE000070 - Autres coûts - maintenance courante,-0.009590457546919593
Amiens,H66HTVP281 - U397-TRI CS AM-TRI,R2025,VE000077 - Coût des énergies pour production & distribution,-10.509321302068974
Amiens,H66HTVP281 - U397-TRI CS AM-TRI,R2025,VE000080 - Autres combustibles fossiles,0.052697077032384756
Amiens,H66HTVP281 - U397-TRI CS AM-TRI,R2025,"VE000085 - Diesel, essence",-1.9402805304493551
Amiens,H66HTVP281 - U397-TRI CS AM-TRI,R2025,VE000088 - Autres coûts de production d'énergies,-0.09426906097639809
Amiens,H66HTVP281 - U397-TRI CS AM-TRI,R2025,VE000089 - Traitement et évacuation des sous-produits,-0.11525710073314067
Amiens,H66HTVP281 - U397-TRI CS AM-TRI,R2025,"VE000093 - Boues, graviers et refus de dégrillage",-0.11525710073314067
Amiens,H66HTVP281 - U397-TRI CS AM-TRI,R2025,VE000097 - Autres coûts d'exploitation,-35.197747964375814
Amiens,H66HTVP281 - U397-TRI CS AM-TRI,R2025,VE000098 - Laboratoire et analyses,-0.3630076885414556
Amiens,H66HTVP281 - U397-TRI CS AM-TRI,R2025,VE000099 - Equipements mobiles & Equipements motorisés,-3.0899002486898057
Amiens,H66HTVP281 - U397-TRI CS AM-TRI,R2025,VE000100 - Bâtiments d'exploitation,-3.9174572474714315
Amiens,H66HTVP281 - U397-TRI CS AM-TRI,R2025,VE000102 - Taxes et redevances,-1.2685519435286587
Amiens,H66HTVP281 - U397-TRI CS AM-TRI,R2025,VE000103 - Assurances,-4.246349877771236
Amiens,H66HTVP281 - U397-TRI CS AM-TRI,R2025,VE000104 - Autres - autres coûts d'exploitation,-22.312480958373225
Amiens,H66HTVP281 - U397-TRI CS AM-TRI,R2025,Marge Brute Cash,24.235340447618483
Amiens,H66HTVP281 - U397-TRI CS AM-TRI,R2025,VE000107 - Coûts COM & G&A (cash),-38.50610680008198
Amiens,H66HTVP281 - U397-TRI CS AM-TRI,R2025,VE000108 - Coûts Commerciaux (COM),-12.74243516570672
Amiens,H66HTVP281 - U397-TRI CS AM-TRI,R2025,VE000111 - Autres coûts (Commerciaux),-12.74243516570672
Amiens,H66HTVP281 - U397-TRI CS AM-TRI,R2025,VE000112 - Coûts Généraux & Administratifs (G&A),-11.94296976617245
Amiens,H66HTVP281 - U397-TRI CS AM-TRI,R2025,VE000115 - Autres coûts (G&A),-11.94296976617245
Amiens,H66HTVP281 - U397-TRI CS AM-TRI,R2025,"VE000116 - Management fees, redevances (marque, savoir-faire)",-13.820701868202809
Amiens,H66HTVP281 - U397-TRI CS AM-TRI,R2025,"VE000140 - Management fees, redevances (marque, savoir-faire)",-13.820701868202809
Amiens,H66HTVP281 - U397-TRI CS AM-TRI,R2025,EBITDA,-14.270766352463491
Amiens,H66HTVP281 - U397-TRI CS AM-TRI,R2025,Coûts Non Cash,-15.97179157828888
Amiens,H66HTVP281 - U397-TRI CS AM-TRI,R2025,VE000118 - Coûts des Ventes (non cash),-15.97179157828888
Amiens,H66HTVP281 - U397-TRI CS AM-TRI,R2025,VE000119 - CDV - Coûts de Personnel (non cash),0.33517060572882285
Amiens,H66HTVP281 - U397-TRI CS AM-TRI,R2025,VE000141 - CDV - Coûts de Personnel (non cash),0.33517060572882285
Amiens,H66HTVP281 - U397-TRI CS AM-TRI,R2025,VE000121 - CDV - Autres amortissements & Dépréciation,-12.46232620484399
Amiens,H66HTVP281 - U397-TRI CS AM-TRI,R2025,VE000132 - CDV - Autres amortissements & Dépréciation,-12.46232620484399
Amiens,H66HTVP281 - U397-TRI CS AM-TRI,R2025,EBIT Courant,-30.24255793075237
Amiens,H66HTVP281 - U397-TRI CS AM-TRI,R2025,VE000021 - Autres produits recyclés - produit,0.0
Amiens,H66HTVP281 - U397-TRI CS AM-TRI,R2025,VE000037 - Coûts d'achat de produits pour revente (Propreté),1.3610643193178267
Amiens,H66HTVP281 - U397-TRI CS AM-TRI,R2025,VE000038 - Papier & carton - charges,-0.7679395677105034
Amiens,H66HTVP281 - U397-TRI CS AM-TRI,R2025,VE000041 - Plastiques - charges,0.0
Amiens,H66HTVP281 - U397-TRI CS AM-TRI,R2025,VE000043 - Autres marchandises pour revente - Propreté,2.12900388702833
Amiens,H66HTVP281 - U397-TRI CS AM-TRI,R2025,VE000046 - Prestations internes - Produit (Propreté),0.10187034793672106
Amiens,H66HTVP281 - U397-TRI CS AM-TRI,R2025,VE000054 - Personnel maintenance - interne,-3.2585257932694605
Amiens,H66HTVP281 - U397-TRI CS AM-TRI,R2025,VE000055 - Personnel maintenance - externe,0.0
Amiens,H66HTVP281 - U397-TRI CS AM-TRI,R2025,VE000075 - Autre sous-traitance (Construction & Travaux),0.0
Amiens,H66HTVP281 - U397-TRI CS AM-TRI,R2025,VE000079 - Gaz,-0.213061273237307
Amiens,H66HTVP281 - U397-TRI CS AM-TRI,R2025,VE000083 - Electricité,-8.3144075144383
Amiens,H66HTVP281 - U397-TRI CS AM-TRI,R2025,VE000084 - Achat d'eau,-0.00874371209611097
Amiens,H66HTVP281 - U397-TRI CS AM-TRI,R2025,VE000086 - Réactifs,-0.11729931973380711
Amiens,H66HTVP281 - U397-TRI CS AM-TRI,R2025,VE000122 - CDV - Autres charges (non cash),-3.8446359791737144
Amiens,H66HTVP281 - U397-TRI CS AM-TRI,R2025,VE000135 - Prestations internes - Produit (Propreté),0.10187034793672106
Amiens,H66HTVP281 - U397-TRI CS AM-TRI,R2025,VE000137 - Autre sous-traitance (Construction & Travaux),0.0
Amiens,H66HTVP281 - U397-TRI CS AM-TRI,R2025,VE000139 - CDV - Autres charges (non cash),-3.8446359791737144
Amiens,H66HTVP281 - U397-TRI CS AM-TRI,R2025,VE000161 - Coûts des réactifs et des achats d'eau,-0.12604303182991808
Paris 15,H66IP15281 - 9809-TRI PARI-TRI,R2023,[R0100-EW-109] Tonnes entrantes,32944.18
Paris 15,H66IP15281 - 9809-TRI PARI-TRI,R2023,[R1458-EW-110] Tonnage passage chaîne,0.9938514177618019
Paris 15,H66IP15281 - 9809-TRI PARI-TRI,R2023,VE000001 - Chiffre d'affaires,163.8504855789399
Paris 15,H66IP15281 - 9809-TRI PARI-TRI,R2023,VE000002 - Prestations de service (hors Energie et Utilités),163.73428903071803
Paris 15,H66IP15281 - 9809-TRI PARI-TRI,R2023,VE000003 - Prestation de service - part fixe,162.42270956508858
Paris 15,H66IP15281 - 9809-TRI PARI-TRI,R2023,VE000005 - Autres prestations de service,1.3115794656294368
Paris 15,H66IP15281 - 9809-TRI PARI-TRI,R2023,VE000015 - Ventes matières recyclées & matériaux bruts,0.11619654822187106
Paris 15,H66IP15281 - 9809-TRI PARI-TRI,R2023,VE000017 - Métaux ferreux - produit,0.11619654822187106
Paris 15,H66IP15281 - 9809-TRI PARI-TRI,R2023,VE000036 - Coûts des ventes cash (éléments PNE),-3.6299841125200265
Paris 15,H66IP15281 - 9809-TRI PARI-TRI,R2023,VE000044 - Coûts sous-traitance externe d'activité (Propreté),-3.6299841125200265
Paris 15,H66IP15281 - 9809-TRI PARI-TRI,R2023,VE000133 - Coûts sous-traitance externe d'activité (Propreté),-3.6299841125200265
Paris 15,H66IP15281 - 9809-TRI PARI-TRI,R2023,PNE,160.2205014664199
Paris 15,H66IP15281 - 9809-TRI PARI-TRI,R2023,VE000050 - Coûts des ventes cash (hors éléments PNE),-153.06196815340374
Paris 15,H66IP15281 - 9809-TRI PARI-TRI,R2023,VE000051 - Coûts de personnel,-95.62231507962862
Paris 15,H66IP15281 - 9809-TRI PARI-TRI,R2023,VE000052 - Personnel exploitation - interne,-66.14490905525649
Paris 15,H66IP15281 - 9809-TRI PARI-TRI,R2023,VE000053 - Personnel exploitation - externe,-16.469029430995096
Paris 15,H66IP15281 - 9809-TRI PARI-TRI,R2023,VE000057 - Autres avantages sociaux,-1.7387617479020574
Paris 15,H66IP15281 - 9809-TRI PARI-TRI,R2023,VE000067 - Entretien & maintenance courante (hors personnel),-9.944263296278733
Paris 15,H66IP15281 - 9809-TRI PARI-TRI,R2023,VE000068 - Pièces détachées,-4.0684642932378345
Paris 15,H66IP15281 - 9809-TRI PARI-TRI,R2023,VE000069 - Sous-traitance - maintenance courante,-5.298874338350507
Paris 15,H66IP15281 - 9809-TRI PARI-TRI,R2023,VE000070 - Autres coûts - maintenance courante,-0.5769246646903945
Paris 15,H66IP15281 - 9809-TRI PARI-TRI,R2023,VE000071 - Maint. Obligatoire Programmée & renouvel. (hors pers.),-0.6013414205483336
Paris 15,H66IP15281 - 9809-TRI PARI-TRI,R2023,VE000072 - Equipements & pièces détachées,-0.27321062475982105
Paris 15,H66IP15281 - 9809-TRI PARI-TRI,R2023,"VE000073 - Sous-traitance, maint. Oblig. Prog. & renouvel.",-0.32813079578851256
Paris 15,H66IP15281 - 9809-TRI PARI-TRI,R2023,"VE000074 - Autres coûts, maint. Oblig. Prog. & renouvel.",0.0
Paris 15,H66IP15281 - 9809-TRI PARI-TRI,R2023,VE000077 - Coût des énergies pour production & distribution,-14.15970317063591
Paris 15,H66IP15281 - 9809-TRI PARI-TRI,R2023,VE000080 - Autres combustibles fossiles,-1.0612448086429833
Paris 15,H66IP15281 - 9809-TRI PARI-TRI,R2023,"VE000085 - Diesel, essence",-0.17751117192778812
Paris 15,H66IP15281 - 9809-TRI PARI-TRI,R2023,VE000088 - Autres coûts de production d'énergies,-0.001411174902516924
Paris 15,H66IP15281 - 9809-TRI PARI-TRI,R2023,VE000089 - Traitement et évacuation des sous-produits,0.0
Paris 15,H66IP15281 - 9809-TRI PARI-TRI,R2023,"VE000093 - Boues, graviers et refus de dégrillage",0.0
Paris 15,H66IP15281 - 9809-TRI PARI-TRI,R2023,VE000097 - Autres coûts d'exploitation,-32.21928971976234
Paris 15,H66IP15281 - 9809-TRI PARI-TRI,R2023,VE000098 - Laboratoire et analyses,-0.6208313577694148
Paris 15,H66IP15281 - 9809-TRI PARI-TRI,R2023,VE000099 - Equipements mobiles & Equipements motorisés,-2.224362542943852
Paris 15,H66IP15281 - 9809-TRI PARI-TRI,R2023,VE000100 - Bâtiments d'exploitation,-8.848067852956122
Paris 15,H66IP15281 - 9809-TRI PARI-TRI,R2023,VE000102 - Taxes et redevances,-0.250008043909425
Paris 15,H66IP15281 - 9809-TRI PARI-TRI,R2023,VE000103 - Assurances,-8.55565717525827
Paris 15,H66IP15281 - 9809-TRI PARI-TRI,R2023,VE000104 - Autres - autres coûts d'exploitation,-11.720362746925254
Paris 15,H66IP15281 - 9809-TRI PARI-TRI,R2023,Marge Brute Cash,7.158533313016154
Paris 15,H66IP15281 - 9809-TRI PARI-TRI,R2023,VE000107 - Coûts COM & G&A (cash),-21.08480678529561
Paris 15,H66IP15281 - 9809-TRI PARI-TRI,R2023,VE000108 - Coûts Commerciaux (COM),-2.4341319164720447
Paris 15,H66IP15281 - 9809-TRI PARI-TRI,R2023,VE000111 - Autres coûts (Commerciaux),-2.4341319164720447
Paris 15,H66IP15281 - 9809-TRI PARI-TRI,R2023,VE000112 - Coûts Généraux & Administratifs (G&A),-11.4250866162096
Paris 15,H66IP15281 - 9809-TRI PARI-TRI,R2023,VE000115 - Autres coûts (G&A),-11.4250866162096
Paris 15,H66IP15281 - 9809-TRI PARI-TRI,R2023,"VE000116 - Management fees, redevances (marque, savoir-faire)",-7.225588252613966
Paris 15,H66IP15281 - 9809-TRI PARI-TRI,R2023,"VE000140 - Management fees, redevances (marque, savoir-faire)",-7.225588252613966
Paris 15,H66IP15281 - 9809-TRI PARI-TRI,R2023,EBITDA,-13.92627347227945
Paris 15,H66IP15281 - 9809-TRI PARI-TRI,R2023,Coûts Non Cash,-0.7870060811955253
Paris 15,H66IP15281 - 9809-TRI PARI-TRI,R2023,VE000118 - Coûts des Ventes (non cash),-0.7870060811955253
Paris 15,H66IP15281 - 9809-TRI PARI-TRI,R2023,VE000119 - CDV - Coûts de Personnel (non cash),0.44907567892113265
Paris 15,H66IP15281 - 9809-TRI PARI-TRI,R2023,VE000141 - CDV - Coûts de Personnel (non cash),0.44907567892113265
Paris 15,H66IP15281 - 9809-TRI PARI-TRI,R2023,VE000121 - CDV - Autres amortissements & Dépréciation,-1.2360817601166578
Paris 15,H66IP15281 - 9809-TRI PARI-TRI,R2023,VE000132 - CDV - Autres amortissements & Dépréciation,-1.2360817601166578
Paris 15,H66IP15281 - 9809-TRI PARI-TRI,R2023,EBIT Courant,-14.713279553474987
Paris 15,H66IP15281 - 9809-TRI PARI-TRI,R2023,VE000054 - Personnel maintenance - interne,-11.247380569193101
Paris 15,H66IP15281 - 9809-TRI PARI-TRI,R2023,VE000055 - Personnel maintenance - externe,-0.02223427628188049
Paris 15,H66IP15281 - 9809-TRI PARI-TRI,R2023,VE000075 - Autre sous-traitance (Construction & Travaux),-0.15933679332737982
Paris 15,H66IP15281 - 9809-TRI PARI-TRI,R2023,VE000079 - Gaz,-0.8808973238975746
Paris 15,H66IP15281 - 9809-TRI PARI-TRI,R2023,VE000083 - Electricité,-12.038638691265046
Paris 15,H66IP15281 - 9809-TRI PARI-TRI,R2023,VE000084 - Achat d'eau,-0.34030988174542515
Paris 15,H66IP15281 - 9809-TRI PARI-TRI,R2023,VE000086 - Réactifs,-0.015408791476977117
Paris 15,H66IP15281 - 9809-TRI PARI-TRI,R2023,VE000137 - Autre sous-traitance (Construction & Travaux),-0.15933679332737982
Paris 15,H66IP15281 - 9809-TRI PARI-TRI,R2023,VE000161 - Coûts des réactifs et des achats d'eau,-0.35571867322240225
Paris 15,H66IP15281 - 9809-TRI PARI-TRI,R2024,[R0100-EW-109] Tonnes entrantes,32110.7
Paris 15,H66IP15281 - 9809-TRI PARI-TRI,R2024,[R1458-EW-110] Tonnage passage chaîne,1.0799409542613523
Paris 15,H66IP15281 - 9809-TRI PARI-TRI,R2024,VE000001 - Chiffre d'affaires,182.83218553317118
Paris 15,H66IP15281 - 9809-TRI PARI-TRI,R2024,VE000002 - Prestations de service (hors Energie et Utilités),182.9513981320868
Paris 15,H66IP15281 - 9809-TRI PARI-TRI,R2024,VE000003 - Prestation de service - part fixe,170.47663146552395
Paris 15,H66IP15281 - 9809-TRI PARI-TRI,R2024,VE000005 - Autres prestations de service,12.474766666562855
Paris 15,H66IP15281 - 9809-TRI PARI-TRI,R2024,VE000015 - Ventes matières recyclées & matériaux bruts,-0.11921259891562626
Paris 15,H66IP15281 - 9809-TRI PARI-TRI,R2024,VE000017 - Métaux ferreux - produit,-0.11921259891562626
Paris 15,H66IP15281 - 9809-TRI PARI-TRI,R2024,VE000036 - Coûts des ventes cash (éléments PNE),-5.711639110950555
Paris 15,H66IP15281 - 9809-TRI PARI-TRI,R2024,VE000044 - Coûts sous-traitance externe d'activité (Propreté),-5.711639110950555
Paris 15,H66IP15281 - 9809-TRI PARI-TRI,R2024,VE000133 - Coûts sous-traitance externe d'activité (Propreté),-5.711639110950555
Paris 15,H66IP15281 - 9809-TRI PARI-TRI,R2024,PNE,177.12054642222063
Paris 15,H66IP15281 - 9809-TRI PARI-TRI,R2024,VE000050 - Coûts des ventes cash (hors éléments PNE),-169.3387939222751
Paris 15,H66IP15281 - 9809-TRI PARI-TRI,R2024,VE000051 - Coûts de personnel,-101.30065087338488
Paris 15,H66IP15281 - 9809-TRI PARI-TRI,R2024,VE000052 - Personnel exploitation - interne,-69.84075370515124
Paris 15,H66IP15281 - 9809-TRI PARI-TRI,R2024,VE000053 - Personnel exploitation - externe,-20.326463141569633
Paris 15,H66IP15281 - 9809-TRI PARI-TRI,R2024,VE000057 - Autres avantages sociaux,-1.5243270934610582
Paris 15,H66IP15281 - 9809-TRI PARI-TRI,R2024,VE000067 - Entretien & maintenance courante (hors personnel),-6.728326071994694
Paris 15,H66IP15281 - 9809-TRI PARI-TRI,R2024,VE000068 - Pièces détachées,-2.87906180805775
Paris 15,H66IP15281 - 9809-TRI PARI-TRI,R2024,VE000069 - Sous-traitance - maintenance courante,-3.4515164727022456
Paris 15,H66IP15281 - 9809-TRI PARI-TRI,R2024,VE000070 - Autres coûts - maintenance courante,-0.39774779123469745
Paris 15,H66IP15281 - 9809-TRI PARI-TRI,R2024,VE000071 - Maint. Obligatoire Programmée & renouvel. (hors pers.),-11.998716004322546
Paris 15,H66IP15281 - 9809-TRI PARI-TRI,R2024,VE000072 - Equipements & pièces détachées,-1.7809658462755404
Paris 15,H66IP15281 - 9809-TRI PARI-TRI,R2024,"VE000073 - Sous-traitance, maint. Oblig. Prog. & renouvel.",-8.884509213439756
Paris 15,H66IP15281 - 9809-TRI PARI-TRI,R2024,"VE000074 - Autres coûts, maint. Oblig. Prog. & renouvel.",-1.3332409446072493
Paris 15,H66IP15281 - 9809-TRI PARI-TRI,R2024,VE000077 - Coût des énergies pour production & distribution,-11.266688985291507
Paris 15,H66IP15281 - 9809-TRI PARI-TRI,R2024,VE000080 - Autres combustibles fossiles,-1.0562167750936604
Paris 15,H66IP15281 - 9809-TRI PARI-TRI,R2024,"VE000085 - Diesel, essence",-0.13045371169111852
Paris 15,H66IP15281 - 9809-TRI PARI-TRI,R2024,VE000088 - Autres coûts de production d'énergies,-0.013992532084320806
Paris 15,H66IP15281 - 9809-TRI PARI-TRI,R2024,VE000089 - Traitement et évacuation des sous-produits,-0.025225236447663862
Paris 15,H66IP15281 - 9809-TRI PARI-TRI,R2024,"VE000093 - Boues, graviers et refus de dégrillage",-0.025225236447663862
Paris 15,H66IP15281 - 9809-TRI PARI-TRI,R2024,VE000097 - Autres coûts d'exploitation,-37.504762898348524
Paris 15,H66IP15281 - 9809-TRI PARI-TRI,R2024,VE000098 - Laboratoire et analyses,-0.49388957574889364
Paris 15,H66IP15281 - 9809-TRI PARI-TRI,R2024,VE000099 - Equipements mobiles & Equipements motorisés,-3.672839583067326
Paris 15,H66IP15281 - 9809-TRI PARI-TRI,R2024,VE000100 - Bâtiments d'exploitation,-10.872088743004667
Paris 15,H66IP15281 - 9809-TRI PARI-TRI,R2024,VE000102 - Taxes et redevances,-0.33287907146216056
Paris 15,H66IP15281 - 9809-TRI PARI-TRI,R2024,VE000103 - Assurances,-8.958702239440436
Paris 15,H66IP15281 - 9809-TRI PARI-TRI,R2024,VE000104 - Autres - autres coûts d'exploitation,-13.174363685625044
Paris 15,H66IP15281 - 9809-TRI PARI-TRI,R2024,Marge Brute Cash,7.781752499945489
Paris 15,H66IP15281 - 9809-TRI PARI-TRI,R2024,VE000107 - Coûts COM & G&A (cash),-22.045293624866474
Paris 15,H66IP15281 - 9809-TRI PARI-TRI,R2024,VE000108 - Coûts Commerciaux (COM),-3.4766576250284174
Paris 15,H66IP15281 - 9809-TRI PARI-TRI,R2024,VE000111 - Autres coûts (Commerciaux),-3.4766576250284174
Paris 15,H66IP15281 - 9809-TRI PARI-TRI,R2024,VE000112 - Coûts Généraux & Administratifs (G&A),-10.015508226229885
Paris 15,H66IP15281 - 9809-TRI PARI-TRI,R2024,VE000115 - Autres coûts (G&A),-10.015508226229885
Paris 15,H66IP15281 - 9809-TRI PARI-TRI,R2024,"VE000116 - Management fees, redevances (marque, savoir-faire)",-8.553127773608173
Paris 15,H66IP15281 - 9809-TRI PARI-TRI,R2024,"VE000140 - Management fees, redevances (marque, savoir-faire)",-8.553127773608173
Paris 15,H66IP15281 - 9809-TRI PARI-TRI,R2024,EBITDA,-14.263541124920982
Paris 15,H66IP15281 - 9809-TRI PARI-TRI,R2024,Coûts Non Cash,-0.4883107499992214
Paris 15,H66IP15281 - 9809-TRI PARI-TRI,R2024,VE000118 - Coûts des Ventes (non cash),-0.4883107499992214
Paris 15,H66IP15281 - 9809-TRI PARI-TRI,R2024,VE000119 - CDV - Coûts de Personnel (non cash),-0.4883107499992214
Paris 15,H66IP15281 - 9809-TRI PARI-TRI,R2024,VE000141 - CDV - Coûts de Personnel (non cash),-0.4883107499992214
Paris 15,H66IP15281 - 9809-TRI PARI-TRI,R2024,VE000121 - CDV - Autres amortissements & Dépréciation,0.0
Paris 15,H66IP15281 - 9809-TRI PARI-TRI,R2024,VE000132 - CDV - Autres amortissements & Dépréciation,0.0
Paris 15,H66IP15281 - 9809-TRI PARI-TRI,R2024,EBIT Courant,-14.751851874920204
Paris 15,H66IP15281 - 9809-TRI PARI-TRI,R2024,VE000054 - Personnel maintenance - interne,-8.111124640696092
Paris 15,H66IP15281 - 9809-TRI PARI-TRI,R2024,VE000055 - Personnel maintenance - externe,-1.4979822925068587
Paris 15,H66IP15281 - 9809-TRI PARI-TRI,R2024,VE000075 - Autre sous-traitance (Construction & Travaux),0.0
Paris 15,H66IP15281 - 9809-TRI PARI-TRI,R2024,VE000079 - Gaz,-0.6168361325041186
Paris 15,H66IP15281 - 9809-TRI PARI-TRI,R2024,VE000083 - Electricité,-9.449189833918288
Paris 15,H66IP15281 - 9809-TRI PARI-TRI,R2024,VE000084 - Achat d'eau,-0.456356292450803
Paris 15,H66IP15281 - 9809-TRI PARI-TRI,R2024,VE000086 - Réactifs,-0.058067560034505625
Paris 15,H66IP15281 - 9809-TRI PARI-TRI,R2024,VE000137 - Autre sous-traitance (Construction & Travaux),0.0
Paris 15,H66IP15281 - 9809-TRI PARI-TRI,R2024,VE000161 - Coûts des réactifs et des achats d'eau,-0.5144238524853085
Paris 15,H66IP15281 - 9809-TRI PARI-TRI,R2025,[R0100-EW-109] Tonnes entrantes,33194.0
Paris 15,H66IP15281 - 9809-TRI PARI-TRI,R2025,[R1458-EW-110] Tonnage passage chaîne,0.9577628487075978
Paris 15,H66IP15281 - 9809-TRI PARI-TRI,R2025,VE000001 - Chiffre d'affaires,184.59330240404893
Paris 15,H66IP15281 - 9809-TRI PARI-TRI,R2025,VE000002 - Prestations de service (hors Energie et Utilités),184.59330240404893
Paris 15,H66IP15281 - 9809-TRI PARI-TRI,R2025,VE000003 - Prestation de service - part fixe,173.74119690305477
Paris 15,H66IP15281 - 9809-TRI PARI-TRI,R2025,VE000005 - Autres prestations de service,10.852105500994154
Paris 15,H66IP15281 - 9809-TRI PARI-TRI,R2025,VE000015 - Ventes matières recyclées & matériaux bruts,0.0
Paris 15,H66IP15281 - 9809-TRI PARI-TRI,R2025,VE000017 - Métaux ferreux - produit,0.0
Paris 15,H66IP15281 - 9809-TRI PARI-TRI,R2025,VE000036 - Coûts des ventes cash (éléments PNE),-6.8546002289570405
Paris 15,H66IP15281 - 9809-TRI PARI-TRI,R2025,VE000044 - Coûts sous-traitance externe d'activité (Propreté),-6.8546002289570405
Paris 15,H66IP15281 - 9809-TRI PARI-TRI,R2025,VE000133 - Coûts sous-traitance externe d'activité (Propreté),-6.8546002289570405
Paris 15,H66IP15281 - 9809-TRI PARI-TRI,R2025,PNE,177.7387021750919
Paris 15,H66IP15281 - 9809-TRI PARI-TRI,R2025,VE000050 - Coûts des ventes cash (hors éléments PNE),-181.00606766283065
Paris 15,H66IP15281 - 9809-TRI PARI-TRI,R2025,VE000051 - Coûts de personnel,-106.71502470325966
Paris 15,H66IP15281 - 9809-TRI PARI-TRI,R2025,VE000052 - Personnel exploitation - interne,-71.72302675182262
Paris 15,H66IP15281 - 9809-TRI PARI-TRI,R2025,VE000053 - Personnel exploitation - externe,-23.386013737422424
Paris 15,H66IP15281 - 9809-TRI PARI-TRI,R2025,VE000057 - Autres avantages sociaux,-1.885958908236428
Paris 15,H66IP15281 - 9809-TRI PARI-TRI,R2025,VE000067 - Entretien & maintenance courante (hors personnel),-6.346017653792854
Paris 15,H66IP15281 - 9809-TRI PARI-TRI,R2025,VE000068 - Pièces détachées,-2.88854160390432
Paris 15,H66IP15281 - 9809-TRI PARI-TRI,R2025,VE000069 - Sous-traitance - maintenance courante,-2.6899273965174433
Paris 15,H66IP15281 - 9809-TRI PARI-TRI,R2025,VE000070 - Autres coûts - maintenance courante,-0.7675486533710911
Paris 15,H66IP15281 - 9809-TRI PARI-TRI,R2025,VE000071 - Maint. Obligatoire Programmée & renouvel. (hors pers.),-12.472482075073808
Paris 15,H66IP15281 - 9809-TRI PARI-TRI,R2025,VE000072 - Equipements & pièces détachées,-3.4396279448093026
Paris 15,H66IP15281 - 9809-TRI PARI-TRI,R2025,"VE000073 - Sous-traitance, maint. Oblig. Prog. & renouvel.",-8.228872386575887
Paris 15,H66IP15281 - 9809-TRI PARI-TRI,R2025,"VE000074 - Autres coûts, maint. Oblig. Prog. & renouvel.",-0.8039817436886184
Paris 15,H66IP15281 - 9809-TRI PARI-TRI,R2025,VE000077 - Coût des énergies pour production & distribution,-10.973008676266796
Paris 15,H66IP15281 - 9809-TRI PARI-TRI,R2025,VE000080 - Autres combustibles fossiles,-0.7265746821714767
Paris 15,H66IP15281 - 9809-TRI PARI-TRI,R2025,"VE000085 - Diesel, essence",-0.16485147918298484
Paris 15,H66IP15281 - 9809-TRI PARI-TRI,R2025,VE000088 - Autres coûts de production d'énergies,-0.006480086762667952
Paris 15,H66IP15281 - 9809-TRI PARI-TRI,R2025,VE000089 - Traitement et évacuation des sous-produits,-0.30762276314996684
Paris 15,H66IP15281 - 9809-TRI PARI-TRI,R2025,"VE000093 - Boues, graviers et refus de dégrillage",-0.30762276314996684
Paris 15,H66IP15281 - 9809-TRI PARI-TRI,R2025,VE000097 - Autres coûts d'exploitation,-43.544702958365974
Paris 15,H66IP15281 - 9809-TRI PARI-TRI,R2025,VE000098 - Laboratoire et analyses,-0.4215460625414231
Paris 15,H66IP15281 - 9809-TRI PARI-TRI,R2025,VE000099 - Equipements mobiles & Equipements motorisés,-5.694389949990962
Paris 15,H66IP15281 - 9809-TRI PARI-TRI,R2025,VE000100 - Bâtiments d'exploitation,-10.397559799963847
Paris 15,H66IP15281 - 9809-TRI PARI-TRI,R2025,VE000102 - Taxes et redevances,-0.15249231788877507
Paris 15,H66IP15281 - 9809-TRI PARI-TRI,R2025,VE000103 - Assurances,-10.600356690968248
Paris 15,H66IP15281 - 9809-TRI PARI-TRI,R2025,VE000104 - Autres - autres coûts d'exploitation,-16.278358137012713
Paris 15,H66IP15281 - 9809-TRI PARI-TRI,R2025,Marge Brute Cash,-3.2673654877387537
Paris 15,H66IP15281 - 9809-TRI PARI-TRI,R2025,VE000107 - Coûts COM & G&A (cash),-20.208008676266797
Paris 15,H66IP15281 - 9809-TRI PARI-TRI,R2025,VE000108 - Coûts Commerciaux (COM),-4.0017123576549976
Paris 15,H66IP15281 - 9809-TRI PARI-TRI,R2025,VE000111 - Autres coûts (Commerciaux),-4.0017123576549976
Paris 15,H66IP15281 - 9809-TRI PARI-TRI,R2025,VE000112 - Coûts Généraux & Administratifs (G&A),-8.929895764294752
Paris 15,H66IP15281 - 9809-TRI PARI-TRI,R2025,VE000115 - Autres coûts (G&A),-8.929895764294752
Paris 15,H66IP15281 - 9809-TRI PARI-TRI,R2025,"VE000116 - Management fees, redevances (marque, savoir-faire)",-7.276400554317045
Paris 15,H66IP15281 - 9809-TRI PARI-TRI,R2025,"VE000140 - Management fees, redevances (marque, savoir-faire)",-7.276400554317045
Paris 15,H66IP15281 - 9809-TRI PARI-TRI,R2025,EBITDA,-23.475374164005558
Paris 15,H66IP15281 - 9809-TRI PARI-TRI,R2025,Coûts Non Cash,-0.09308911249020907
Paris 15,H66IP15281 - 9809-TRI PARI-TRI,R2025,VE000118 - Coûts des Ventes (non cash),-0.09308911249020907
Paris 15,H66IP15281 - 9809-TRI PARI-TRI,R2025,VE000119 - CDV - Coûts de Personnel (non cash),-0.09308911249020907
Paris 15,H66IP15281 - 9809-TRI PARI-TRI,R2025,VE000141 - CDV - Coûts de Personnel (non cash),-0.09308911249020907
Paris 15,H66IP15281 - 9809-TRI PARI-TRI,R2025,VE000121 - CDV - Autres amortissements & Dépréciation,0.0
Paris 15,H66IP15281 - 9809-TRI PARI-TRI,R2025,VE000132 - CDV - Autres amortissements & Dépréciation,0.0
Paris 15,H66IP15281 - 9809-TRI PARI-TRI,R2025,EBIT Courant,-23.56846327649577
Paris 15,H66IP15281 - 9809-TRI PARI-TRI,R2025,VE000054 - Personnel maintenance - interne,-9.720025305778153
Paris 15,H66IP15281 - 9809-TRI PARI-TRI,R2025,VE000055 - Personnel maintenance - externe,0.0
Paris 15,H66IP15281 - 9809-TRI PARI-TRI,R2025,VE000075 - Autre sous-traitance (Construction & Travaux),0.0
Paris 15,H66IP15281 - 9809-TRI PARI-TRI,R2025,VE000079 - Gaz,-0.5554280894137495
Paris 15,H66IP15281 - 9809-TRI PARI-TRI,R2025,VE000083 - Electricité,-9.519674338735916
Paris 15,H66IP15281 - 9809-TRI PARI-TRI,R2025,VE000084 - Achat d'eau,-0.6472088329216124
Paris 15,H66IP15281 - 9809-TRI PARI-TRI,R2025,VE000086 - Réactifs,0.0
Paris 15,H66IP15281 - 9809-TRI PARI-TRI,R2025,VE000137 - Autre sous-traitance (Construction & Travaux),0.0
Paris 15,H66IP15281 - 9809-TRI PARI-TRI,R2025,VE000161 - Coûts des réactifs et des achats d'eau,-0.6472088329216124
Le Havre,H66NTES281 - 0369-TCS QDR-TRI,R2023,[R0100-EW-109] Tonnes entrantes,36322.86500000001
Le Havre,H66NTES281 - 0369-TCS QDR-TRI,R2023,[R1458-EW-110] Tonnage passage chaîne,0.973638092700011
Le Havre,H66NTES281 - 0369-TCS QDR-TRI,R2023,VE000001 - Chiffre d'affaires,248.0571554584144
Le Havre,H66NTES281 - 0369-TCS QDR-TRI,R2023,VE000002 - Prestations de service (hors Energie et Utilités),234.34216629112268
Le Havre,H66NTES281 - 0369-TCS QDR-TRI,R2023,VE000003 - Prestation de service - part fixe,234.32272096377858
Le Havre,H66NTES281 - 0369-TCS QDR-TRI,R2023,VE000005 - Autres prestations de service,0.019445327344084783
Le Havre,H66NTES281 - 0369-TCS QDR-TRI,R2023,VE000015 - Ventes matières recyclées & matériaux bruts,13.714989167291728
Le Havre,H66NTES281 - 0369-TCS QDR-TRI,R2023,VE000016 - Papier & carton - produit,9.164269118088562
Le Havre,H66NTES281 - 0369-TCS QDR-TRI,R2023,VE000017 - Métaux ferreux - produit,0.052319661458422935
Le Havre,H66NTES281 - 0369-TCS QDR-TRI,R2023,VE000019 - Plastiques - produit,4.498400387744743
Le Havre,H66NTES281 - 0369-TCS QDR-TRI,R2023,VE000035 - Produits perçus pour le compte de tiers - Revenus,0.0
Le Havre,H66NTES281 - 0369-TCS QDR-TRI,R2023,VE000131 - Produits perçus pour le compte de tiers - Revenus,0.0
Le Havre,H66NTES281 - 0369-TCS QDR-TRI,R2023,VE000036 - Coûts des ventes cash (éléments PNE),-38.53255876154041
Le Havre,H66NTES281 - 0369-TCS QDR-TRI,R2023,VE000044 - Coûts sous-traitance externe d'activité (Propreté),-22.254056776633664
Le Havre,H66NTES281 - 0369-TCS QDR-TRI,R2023,VE000133 - Coûts sous-traitance externe d'activité (Propreté),-22.254056776633664
Le Havre,H66NTES281 - 0369-TCS QDR-TRI,R2023,VE000045 - Prestations internes - Charge (Propreté),-18.397984299971927
Le Havre,H66NTES281 - 0369-TCS QDR-TRI,R2023,VE000134 - Prestations internes - Charge (Propreté),-18.397984299971927
Le Havre,H66NTES281 - 0369-TCS QDR-TRI,R2023,PNE,209.52459669687394
Le Havre,H66NTES281 - 0369-TCS QDR-TRI,R2023,VE000050 - Coûts des ventes cash (hors éléments PNE),-154.0964089699422
Le Havre,H66NTES281 - 0369-TCS QDR-TRI,R2023,VE000051 - Coûts de personnel,-98.13190616984643
Le Havre,H66NTES281 - 0369-TCS QDR-TRI,R2023,VE000052 - Personnel exploitation - interne,-58.07976463310368
Le Havre,H66NTES281 - 0369-TCS QDR-TRI,R2023,VE000053 - Personnel exploitation - externe,-27.649529022559197
Le Havre,H66NTES281 - 0369-TCS QDR-TRI,R2023,VE000057 - Autres avantages sociaux,-2.6458003794579525
Le Havre,H66NTES281 - 0369-TCS QDR-TRI,R2023,VE000067 - Entretien & maintenance courante (hors personnel),-12.499340291576665
Le Havre,H66NTES281 - 0369-TCS QDR-TRI,R2023,VE000068 - Pièces détachées,-8.787267744435905
Le Havre,H66NTES281 - 0369-TCS QDR-TRI,R2023,VE000069 - Sous-traitance - maintenance courante,-3.2341606313268505
Le Havre,H66NTES281 - 0369-TCS QDR-TRI,R2023,VE000070 - Autres coûts - maintenance courante,-0.47791191581390935
Le Havre,H66NTES281 - 0369-TCS QDR-TRI,R2023,VE000077 - Coût des énergies pour production & distribution,-13.644545660150975
Le Havre,H66NTES281 - 0369-TCS QDR-TRI,R2023,VE000080 - Autres combustibles fossiles,-0.2121636054865165
Le Havre,H66NTES281 - 0369-TCS QDR-TRI,R2023,"VE000085 - Diesel, essence",-1.9154549069848972
Le Havre,H66NTES281 - 0369-TCS QDR-TRI,R2023,VE000088 - Autres coûts de production d'énergies,-0.005746518067889191
Le Havre,H66NTES281 - 0369-TCS QDR-TRI,R2023,VE000089 - Traitement et évacuation des sous-produits,-1.8776051944140413
Le Havre,H66NTES281 - 0369-TCS QDR-TRI,R2023,"VE000093 - Boues, graviers et refus de dégrillage",-1.8776051944140413
Le Havre,H66NTES281 - 0369-TCS QDR-TRI,R2023,VE000097 - Autres coûts d'exploitation,-26.989274937425776
Le Havre,H66NTES281 - 0369-TCS QDR-TRI,R2023,VE000098 - Laboratoire et analyses,-0.19312435844474266
Le Havre,H66NTES281 - 0369-TCS QDR-TRI,R2023,VE000099 - Equipements mobiles & Equipements motorisés,-4.711950447741387
Le Havre,H66NTES281 - 0369-TCS QDR-TRI,R2023,VE000100 - Bâtiments d'exploitation,-10.319187927494152
Le Havre,H66NTES281 - 0369-TCS QDR-TRI,R2023,VE000102 - Taxes et redevances,-1.5721075416270158
Le Havre,H66NTES281 - 0369-TCS QDR-TRI,R2023,VE000103 - Assurances,-1.9599164328034142
Le Havre,H66NTES281 - 0369-TCS QDR-TRI,R2023,VE000104 - Autres - autres coûts d'exploitation,-8.232988229315056
Le Havre,H66NTES281 - 0369-TCS QDR-TRI,R2023,Marge Brute Cash,55.42818772693182
Le Havre,H66NTES281 - 0369-TCS QDR-TRI,R2023,VE000107 - Coûts COM & G&A (cash),-28.56335368919824
Le Havre,H66NTES281 - 0369-TCS QDR-TRI,R2023,VE000108 - Coûts Commerciaux (COM),0.0
Le Havre,H66NTES281 - 0369-TCS QDR-TRI,R2023,VE000111 - Autres coûts (Commerciaux),0.0
Le Havre,H66NTES281 - 0369-TCS QDR-TRI,R2023,VE000112 - Coûts Généraux & Administratifs (G&A),-16.303762382179922
Le Havre,H66NTES281 - 0369-TCS QDR-TRI,R2023,VE000115 - Autres coûts (G&A),-16.303762382179922
Le Havre,H66NTES281 - 0369-TCS QDR-TRI,R2023,"VE000116 - Management fees, redevances (marque, savoir-faire)",-12.259591307018315
Le Havre,H66NTES281 - 0369-TCS QDR-TRI,R2023,"VE000140 - Management fees, redevances (marque, savoir-faire)",-12.259591307018315
Le Havre,H66NTES281 - 0369-TCS QDR-TRI,R2023,EBITDA,26.864834037733587
Le Havre,H66NTES281 - 0369-TCS QDR-TRI,R2023,Coûts Non Cash,-34.317980148317034
Le Havre,H66NTES281 - 0369-TCS QDR-TRI,R2023,VE000118 - Coûts des Ventes (non cash),-34.317980148317034
Le Havre,H66NTES281 - 0369-TCS QDR-TRI,R2023,VE000119 - CDV - Coûts de Personnel (non cash),0.42108462534549507
Le Havre,H66NTES281 - 0369-TCS QDR-TRI,R2023,VE000141 - CDV - Coûts de Personnel (non cash),0.42108462534549507
Le Havre,H66NTES281 - 0369-TCS QDR-TRI,R2023,VE000121 - CDV - Autres amortissements & Dépréciation,-15.024079736001
Le Havre,H66NTES281 - 0369-TCS QDR-TRI,R2023,VE000132 - CDV - Autres amortissements & Dépréciation,-15.024079736001
Le Havre,H66NTES281 - 0369-TCS QDR-TRI,R2023,EBIT Courant,-7.453146110583444
Le Havre,H66NTES281 - 0369-TCS QDR-TRI,R2023,VE000037 - Coûts d'achat de produits pour revente (Propreté),-1.9182041394587126
Le Havre,H66NTES281 - 0369-TCS QDR-TRI,R2023,VE000038 - Papier & carton - charges,-1.9354249726721722
Le Havre,H66NTES281 - 0369-TCS QDR-TRI,R2023,VE000041 - Plastiques - charges,-0.2049370279574587
Le Havre,H66NTES281 - 0369-TCS QDR-TRI,R2023,VE000043 - Autres marchandises pour revente - Propreté,0.22215786117091801
Le Havre,H66NTES281 - 0369-TCS QDR-TRI,R2023,VE000046 - Prestations internes - Produit (Propreté),4.037686454523891
Le Havre,H66NTES281 - 0369-TCS QDR-TRI,R2023,VE000054 - Personnel maintenance - interne,-10.469999269055451
Le Havre,H66NTES281 - 0369-TCS QDR-TRI,R2023,VE000055 - Personnel maintenance - externe,0.7131871343298496
Le Havre,H66NTES281 - 0369-TCS QDR-TRI,R2023,VE000075 - Autre sous-traitance (Construction & Travaux),-0.6363633485409258
Le Havre,H66NTES281 - 0369-TCS QDR-TRI,R2023,VE000083 - Electricité,-11.511180629611674
Le Havre,H66NTES281 - 0369-TCS QDR-TRI,R2023,VE000084 - Achat d'eau,-0.2609606923903166
Le Havre,H66NTES281 - 0369-TCS QDR-TRI,R2023,VE000086 - Réactifs,-0.05641267559703783
Le Havre,H66NTES281 - 0369-TCS QDR-TRI,R2023,VE000122 - CDV - Autres charges (non cash),-19.71498503766153
Le Havre,H66NTES281 - 0369-TCS QDR-TRI,R2023,VE000135 - Prestations internes - Produit (Propreté),4.037686454523891
Le Havre,H66NTES281 - 0369-TCS QDR-TRI,R2023,VE000137 - Autre sous-traitance (Construction & Travaux),-0.6363633485409258
Le Havre,H66NTES281 - 0369-TCS QDR-TRI,R2023,VE000139 - CDV - Autres charges (non cash),-19.71498503766153
Le Havre,H66NTES281 - 0369-TCS QDR-TRI,R2023,VE000161 - Coûts des réactifs et des achats d'eau,-0.3173733679873544
Le Havre,H66NTES281 - 0369-TCS QDR-TRI,R2024,[R0100-EW-109] Tonnes entrantes,40915.66
Le Havre,H66NTES281 - 0369-TCS QDR-TRI,R2024,[R1458-EW-110] Tonnage passage chaîne,0.9946680561916881
Le Havre,H66NTES281 - 0369-TCS QDR-TRI,R2024,VE000001 - Chiffre d'affaires,248.04400173429926
Le Havre,H66NTES281 - 0369-TCS QDR-TRI,R2024,VE000002 - Prestations de service (hors Energie et Utilités),234.09517749438714
Le Havre,H66NTES281 - 0369-TCS QDR-TRI,R2024,VE000003 - Prestation de service - part fixe,234.00330484709272
Le Havre,H66NTES281 - 0369-TCS QDR-TRI,R2024,VE000005 - Autres prestations de service,0.09187264729445889
Le Havre,H66NTES281 - 0369-TCS QDR-TRI,R2024,VE000015 - Ventes matières recyclées & matériaux bruts,13.942199881414599
Le Havre,H66NTES281 - 0369-TCS QDR-TRI,R2024,VE000016 - Papier & carton - produit,9.560388858446863
Le Havre,H66NTES281 - 0369-TCS QDR-TRI,R2024,VE000017 - Métaux ferreux - produit,0.01420971823502297
Le Havre,H66NTES281 - 0369-TCS QDR-TRI,R2024,VE000019 - Plastiques - produit,4.367601304732711
Le Havre,H66NTES281 - 0369-TCS QDR-TRI,R2024,VE000035 - Produits perçus pour le compte de tiers - Revenus,0.006624358497455497
Le Havre,H66NTES281 - 0369-TCS QDR-TRI,R2024,VE000131 - Produits perçus pour le compte de tiers - Revenus,0.006624358497455497
Le Havre,H66NTES281 - 0369-TCS QDR-TRI,R2024,VE000036 - Coûts des ventes cash (éléments PNE),-45.21482679247994
Le Havre,H66NTES281 - 0369-TCS QDR-TRI,R2024,VE000044 - Coûts sous-traitance externe d'activité (Propreté),-25.927136944631954
Le Havre,H66NTES281 - 0369-TCS QDR-TRI,R2024,VE000133 - Coûts sous-traitance externe d'activité (Propreté),-25.927136944631954
Le Havre,H66NTES281 - 0369-TCS QDR-TRI,R2024,VE000045 - Prestations internes - Charge (Propreté),-20.3654634924623
Le Havre,H66NTES281 - 0369-TCS QDR-TRI,R2024,VE000134 - Prestations internes - Charge (Propreté),-20.3654634924623
Le Havre,H66NTES281 - 0369-TCS QDR-TRI,R2024,PNE,202.8291749418193
Le Havre,H66NTES281 - 0369-TCS QDR-TRI,R2024,VE000050 - Coûts des ventes cash (hors éléments PNE),-161.4203454129788
Le Havre,H66NTES281 - 0369-TCS QDR-TRI,R2024,VE000051 - Coûts de personnel,-95.28193948233998
Le Havre,H66NTES281 - 0369-TCS QDR-TRI,R2024,VE000052 - Personnel exploitation - interne,-55.215999937432265
Le Havre,H66NTES281 - 0369-TCS QDR-TRI,R2024,VE000053 - Personnel exploitation - externe,-27.46059650510342
Le Havre,H66NTES281 - 0369-TCS QDR-TRI,R2024,VE000057 - Autres avantages sociaux,-2.405947991551401
Le Havre,H66NTES281 - 0369-TCS QDR-TRI,R2024,VE000067 - Entretien & maintenance courante (hors personnel),-9.17783777653837
Le Havre,H66NTES281 - 0369-TCS QDR-TRI,R2024,VE000068 - Pièces détachées,-5.090835391632446
Le Havre,H66NTES281 - 0369-TCS QDR-TRI,R2024,VE000069 - Sous-traitance - maintenance courante,-4.077992876077277
Le Havre,H66NTES281 - 0369-TCS QDR-TRI,R2024,VE000070 - Autres coûts - maintenance courante,-0.009009508828648939
Le Havre,H66NTES281 - 0369-TCS QDR-TRI,R2024,VE000077 - Coût des énergies pour production & distribution,-11.108412769096232
Le Havre,H66NTES281 - 0369-TCS QDR-TRI,R2024,VE000080 - Autres combustibles fossiles,-1.7806981483373359
Le Havre,H66NTES281 - 0369-TCS QDR-TRI,R2024,"VE000085 - Diesel, essence",-0.180491039372211
Le Havre,H66NTES281 - 0369-TCS QDR-TRI,R2024,VE000088 - Autres coûts de production d'énergies,-0.0025640549364228755
Le Havre,H66NTES281 - 0369-TCS QDR-TRI,R2024,VE000089 - Traitement et évacuation des sous-produits,-1.64125960573531
Le Havre,H66NTES281 - 0369-TCS QDR-TRI,R2024,"VE000093 - Boues, graviers et refus de dégrillage",-1.64125960573531
Le Havre,H66NTES281 - 0369-TCS QDR-TRI,R2024,VE000097 - Autres coûts d'exploitation,-43.70256791653855
Le Havre,H66NTES281 - 0369-TCS QDR-TRI,R2024,VE000098 - Laboratoire et analyses,-0.8011399547263809
Le Havre,H66NTES281 - 0369-TCS QDR-TRI,R2024,VE000099 - Equipements mobiles & Equipements motorisés,-5.556346152060115
Le Havre,H66NTES281 - 0369-TCS QDR-TRI,R2024,VE000100 - Bâtiments d'exploitation,-25.95126389260249
Le Havre,H66NTES281 - 0369-TCS QDR-TRI,R2024,VE000102 - Taxes et redevances,-1.2806375358481323
Le Havre,H66NTES281 - 0369-TCS QDR-TRI,R2024,VE000103 - Assurances,-2.2777051622777202
Le Havre,H66NTES281 - 0369-TCS QDR-TRI,R2024,VE000104 - Autres - autres coûts d'exploitation,-7.835475219023718
Le Havre,H66NTES281 - 0369-TCS QDR-TRI,R2024,Marge Brute Cash,41.40882952884054
Le Havre,H66NTES281 - 0369-TCS QDR-TRI,R2024,VE000107 - Coûts COM & G&A (cash),-26.408087025847806
Le Havre,H66NTES281 - 0369-TCS QDR-TRI,R2024,VE000108 - Coûts Commerciaux (COM),0.0
Le Havre,H66NTES281 - 0369-TCS QDR-TRI,R2024,VE000111 - Autres coûts (Commerciaux),0.0
Le Havre,H66NTES281 - 0369-TCS QDR-TRI,R2024,VE000112 - Coûts Généraux & Administratifs (G&A),-14.39573600914662
Le Havre,H66NTES281 - 0369-TCS QDR-TRI,R2024,VE000115 - Autres coûts (G&A),-14.39573600914662
Le Havre,H66NTES281 - 0369-TCS QDR-TRI,R2024,"VE000116 - Management fees, redevances (marque, savoir-faire)",-12.012351016701182
Le Havre,H66NTES281 - 0369-TCS QDR-TRI,R2024,"VE000140 - Management fees, redevances (marque, savoir-faire)",-12.012351016701182
Le Havre,H66NTES281 - 0369-TCS QDR-TRI,R2024,EBITDA,15.000742502992747
Le Havre,H66NTES281 - 0369-TCS QDR-TRI,R2024,Coûts Non Cash,6.434648738404807
Le Havre,H66NTES281 - 0369-TCS QDR-TRI,R2024,VE000118 - Coûts des Ventes (non cash),6.434648738404807
Le Havre,H66NTES281 - 0369-TCS QDR-TRI,R2024,VE000119 - CDV - Coûts de Personnel (non cash),1.9135235750810324
Le Havre,H66NTES281 - 0369-TCS QDR-TRI,R2024,VE000141 - CDV - Coûts de Personnel (non cash),1.9135235750810324
Le Havre,H66NTES281 - 0369-TCS QDR-TRI,R2024,VE000121 - CDV - Autres amortissements & Dépréciation,-13.076049121534396
Le Havre,H66NTES281 - 0369-TCS QDR-TRI,R2024,VE000132 - CDV - Autres amortissements & Dépréciation,-13.076049121534396
Le Havre,H66NTES281 - 0369-TCS QDR-TRI,R2024,EBIT Courant,21.43539124139755
Le Havre,H66NTES281 - 0369-TCS QDR-TRI,R2024,VE000037 - Coûts d'achat de produits pour revente (Propreté),-3.5091779040103463
Le Havre,H66NTES281 - 0369-TCS QDR-TRI,R2024,VE000038 - Papier & carton - charges,-3.468130050938931
Le Havre,H66NTES281 - 0369-TCS QDR-TRI,R2024,VE000041 - Plastiques - charges,-0.20957599119750236
Le Havre,H66NTES281 - 0369-TCS QDR-TRI,R2024,VE000043 - Autres marchandises pour revente - Propreté,0.16852813812608664
Le Havre,H66NTES281 - 0369-TCS QDR-TRI,R2024,VE000046 - Prestations internes - Produit (Propreté),4.586951548624661
Le Havre,H66NTES281 - 0369-TCS QDR-TRI,R2024,VE000054 - Personnel maintenance - interne,-10.199395048252917
Le Havre,H66NTES281 - 0369-TCS QDR-TRI,R2024,VE000055 - Personnel maintenance - externe,0.0
Le Havre,H66NTES281 - 0369-TCS QDR-TRI,R2024,VE000075 - Autre sous-traitance (Construction & Travaux),-0.2758699236429279
Le Havre,H66NTES281 - 0369-TCS QDR-TRI,R2024,VE000083 - Electricité,-9.144659526450264
Le Havre,H66NTES281 - 0369-TCS QDR-TRI,R2024,VE000084 - Achat d'eau,-0.17457912202809384
Le Havre,H66NTES281 - 0369-TCS QDR-TRI,R2024,VE000086 - Réactifs,-0.057878817059287324
Le Havre,H66NTES281 - 0369-TCS QDR-TRI,R2024,VE000122 - CDV - Autres charges (non cash),17.597174284858166
Le Havre,H66NTES281 - 0369-TCS QDR-TRI,R2024,VE000135 - Prestations internes - Produit (Propreté),4.586951548624661
Le Havre,H66NTES281 - 0369-TCS QDR-TRI,R2024,VE000137 - Autre sous-traitance (Construction & Travaux),-0.2758699236429279
Le Havre,H66NTES281 - 0369-TCS QDR-TRI,R2024,VE000139 - CDV - Autres charges (non cash),17.597174284858166
Le Havre,H66NTES281 - 0369-TCS QDR-TRI,R2024,VE000161 - Coûts des réactifs et des achats d'eau,-0.23245793908738116
Le Havre,H66NTES281 - 0369-TCS QDR-TRI,R2025,[R0100-EW-109] Tonnes entrantes,41520.76
Le Havre,H66NTES281 - 0369-TCS QDR-TRI,R2025,[R1458-EW-110] Tonnage passage chaîne,0.934898590488228
Le Havre,H66NTES281 - 0369-TCS QDR-TRI,R2025,VE000001 - Chiffre d'affaires,247.8826293160337
Le Havre,H66NTES281 - 0369-TCS QDR-TRI,R2025,VE000002 - Prestations de service (hors Energie et Utilités),236.9387848391985
Le Havre,H66NTES281 - 0369-TCS QDR-TRI,R2025,VE000003 - Prestation de service - part fixe,236.5666878448275
Le Havre,H66NTES281 - 0369-TCS QDR-TRI,R2025,VE000005 - Autres prestations de service,0.3720969943710086
Le Havre,H66NTES281 - 0369-TCS QDR-TRI,R2025,VE000015 - Ventes matières recyclées & matériaux bruts,10.943844476835205
Le Havre,H66NTES281 - 0369-TCS QDR-TRI,R2025,VE000016 - Papier & carton - produit,7.159657723028194
Le Havre,H66NTES281 - 0369-TCS QDR-TRI,R2025,VE000017 - Métaux ferreux - produit,0.01988980933875006
Le Havre,H66NTES281 - 0369-TCS QDR-TRI,R2025,VE000019 - Plastiques - produit,3.7642969444682612
Le Havre,H66NTES281 - 0369-TCS QDR-TRI,R2025,VE000035 - Produits perçus pour le compte de tiers - Revenus,0.0
Le Havre,H66NTES281 - 0369-TCS QDR-TRI,R2025,VE000131 - Produits perçus pour le compte de tiers - Revenus,0.0
Le Havre,H66NTES281 - 0369-TCS QDR-TRI,R2025,VE000036 - Coûts des ventes cash (éléments PNE),-49.22413293976314
Le Havre,H66NTES281 - 0369-TCS QDR-TRI,R2025,VE000044 - Coûts sous-traitance externe d'activité (Propreté),-33.33091181375293
Le Havre,H66NTES281 - 0369-TCS QDR-TRI,R2025,VE000133 - Coûts sous-traitance externe d'activité (Propreté),-33.33091181375293
Le Havre,H66NTES281 - 0369-TCS QDR-TRI,R2025,VE000045 - Prestations internes - Charge (Propreté),-16.49176315655108
Le Havre,H66NTES281 - 0369-TCS QDR-TRI,R2025,VE000134 - Prestations internes - Charge (Propreté),-16.49176315655108
Le Havre,H66NTES281 - 0369-TCS QDR-TRI,R2025,PNE,198.6584963762706
Le Havre,H66NTES281 - 0369-TCS QDR-TRI,R2025,VE000050 - Coûts des ventes cash (hors éléments PNE),-145.4101090635142
Le Havre,H66NTES281 - 0369-TCS QDR-TRI,R2025,VE000051 - Coûts de personnel,-92.0261669102396
Le Havre,H66NTES281 - 0369-TCS QDR-TRI,R2025,VE000052 - Personnel exploitation - interne,-53.78724233371451
Le Havre,H66NTES281 - 0369-TCS QDR-TRI,R2025,VE000053 - Personnel exploitation - externe,-27.089582416121477
Le Havre,H66NTES281 - 0369-TCS QDR-TRI,R2025,VE000057 - Autres avantages sociaux,-2.547201688986425
Le Havre,H66NTES281 - 0369-TCS QDR-TRI,R2025,VE000067 - Entretien & maintenance courante (hors personnel),-10.038902467103203
Le Havre,H66NTES281 - 0369-TCS QDR-TRI,R2025,VE000068 - Pièces détachées,-4.644216049995233
Le Havre,H66NTES281 - 0369-TCS QDR-TRI,R2025,VE000069 - Sous-traitance - maintenance courante,-5.265852070145151
Le Havre,H66NTES281 - 0369-TCS QDR-TRI,R2025,VE000070 - Autres coûts - maintenance courante,-0.1288343469628205
Le Havre,H66NTES281 - 0369-TCS QDR-TRI,R2025,VE000077 - Coût des énergies pour production & distribution,-7.609664900160784
Le Havre,H66NTES281 - 0369-TCS QDR-TRI,R2025,VE000080 - Autres combustibles fossiles,-1.5512900052889207
Le Havre,H66NTES281 - 0369-TCS QDR-TRI,R2025,"VE000085 - Diesel, essence",-0.20681027996597365
Le Havre,H66NTES281 - 0369-TCS QDR-TRI,R2025,VE000088 - Autres coûts de production d'énergies,-0.008051153206251525
Le Havre,H66NTES281 - 0369-TCS QDR-TRI,R2025,VE000089 - Traitement et évacuation des sous-produits,-1.685304652419657
Le Havre,H66NTES281 - 0369-TCS QDR-TRI,R2025,"VE000093 - Boues, graviers et refus de dégrillage",-1.685304652419657
Le Havre,H66NTES281 - 0369-TCS QDR-TRI,R2025,VE000097 - Autres coûts d'exploitation,-32.70274484378417
Le Havre,H66NTES281 - 0369-TCS QDR-TRI,R2025,VE000098 - Laboratoire et analyses,-0.159178926397301
Le Havre,H66NTES281 - 0369-TCS QDR-TRI,R2025,VE000099 - Equipements mobiles & Equipements motorisés,-6.22921304908677
Le Havre,H66NTES281 - 0369-TCS QDR-TRI,R2025,VE000100 - Bâtiments d'exploitation,-12.419770254687055
Le Havre,H66NTES281 - 0369-TCS QDR-TRI,R2025,VE000102 - Taxes et redevances,-2.335855124039155
Le Havre,H66NTES281 - 0369-TCS QDR-TRI,R2025,VE000103 - Assurances,-2.6609406956905413
Le Havre,H66NTES281 - 0369-TCS QDR-TRI,R2025,VE000104 - Autres - autres coûts d'exploitation,-8.897786793883352
Le Havre,H66NTES281 - 0369-TCS QDR-TRI,R2025,Marge Brute Cash,53.24838731275634
Le Havre,H66NTES281 - 0369-TCS QDR-TRI,R2025,VE000107 - Coûts COM & G&A (cash),-22.885655272206
Le Havre,H66NTES281 - 0369-TCS QDR-TRI,R2025,VE000108 - Coûts Commerciaux (COM),0.0
Le Havre,H66NTES281 - 0369-TCS QDR-TRI,R2025,VE000111 - Autres coûts (Commerciaux),0.0
Le Havre,H66NTES281 - 0369-TCS QDR-TRI,R2025,VE000112 - Coûts Généraux & Administratifs (G&A),-12.338919615151553
Le Havre,H66NTES281 - 0369-TCS QDR-TRI,R2025,VE000115 - Autres coûts (G&A),-12.338919615151553
Le Havre,H66NTES281 - 0369-TCS QDR-TRI,R2025,"VE000116 - Management fees, redevances (marque, savoir-faire)",-10.546735657054446
Le Havre,H66NTES281 - 0369-TCS QDR-TRI,R2025,"VE000140 - Management fees, redevances (marque, savoir-faire)",-10.546735657054446
Le Havre,H66NTES281 - 0369-TCS QDR-TRI,R2025,EBITDA,30.362732040550338
Le Havre,H66NTES281 - 0369-TCS QDR-TRI,R2025,Coûts Non Cash,-10.432280863837752
Le Havre,H66NTES281 - 0369-TCS QDR-TRI,R2025,VE000118 - Coûts des Ventes (non cash),-10.432280863837752
Le Havre,H66NTES281 - 0369-TCS QDR-TRI,R2025,VE000119 - CDV - Coûts de Personnel (non cash),-0.040052253378791716
Le Havre,H66NTES281 - 0369-TCS QDR-TRI,R2025,VE000141 - CDV - Coûts de Personnel (non cash),-0.040052253378791716
Le Havre,H66NTES281 - 0369-TCS QDR-TRI,R2025,VE000121 - CDV - Autres amortissements & Dépréciation,-11.307433438116258
Le Havre,H66NTES281 - 0369-TCS QDR-TRI,R2025,VE000132 - CDV - Autres amortissements & Dépréciation,-11.307433438116258
Le Havre,H66NTES281 - 0369-TCS QDR-TRI,R2025,EBIT Courant,19.930451176712587
Le Havre,H66NTES281 - 0369-TCS QDR-TRI,R2025,VE000037 - Coûts d'achat de produits pour revente (Propreté),-2.04869828972302
Le Havre,H66NTES281 - 0369-TCS QDR-TRI,R2025,VE000038 - Papier & carton - charges,-1.4406535429505625
Le Havre,H66NTES281 - 0369-TCS QDR-TRI,R2025,VE000041 - Plastiques - charges,-0.3377394826106266
Le Havre,H66NTES281 - 0369-TCS QDR-TRI,R2025,VE000043 - Autres marchandises pour revente - Propreté,-0.2703052641618313
Le Havre,H66NTES281 - 0369-TCS QDR-TRI,R2025,VE000046 - Prestations internes - Produit (Propreté),2.647240320263887
Le Havre,H66NTES281 - 0369-TCS QDR-TRI,R2025,VE000054 - Personnel maintenance - interne,-8.602140471417188
Le Havre,H66NTES281 - 0369-TCS QDR-TRI,R2025,VE000055 - Personnel maintenance - externe,0.0
Le Havre,H66NTES281 - 0369-TCS QDR-TRI,R2025,VE000075 - Autre sous-traitance (Construction & Travaux),-1.3160308240985954
Le Havre,H66NTES281 - 0369-TCS QDR-TRI,R2025,VE000083 - Electricité,-5.843513461699641
Le Havre,H66NTES281 - 0369-TCS QDR-TRI,R2025,VE000084 - Achat d'eau,0.01870967679782349
Le Havre,H66NTES281 - 0369-TCS QDR-TRI,R2025,VE000086 - Réactifs,-0.05000414250606203
Le Havre,H66NTES281 - 0369-TCS QDR-TRI,R2025,VE000122 - CDV - Autres charges (non cash),0.9152048276572972
Le Havre,H66NTES281 - 0369-TCS QDR-TRI,R2025,VE000135 - Prestations internes - Produit (Propreté),2.647240320263887
Le Havre,H66NTES281 - 0369-TCS QDR-TRI,R2025,VE000137 - Autre sous-traitance (Construction & Travaux),-1.3160308240985954
Le Havre,H66NTES281 - 0369-TCS QDR-TRI,R2025,VE000139 - CDV - Autres charges (non cash),0.9152048276572972
Le Havre,H66NTES281 - 0369-TCS QDR-TRI,R2025,VE000161 - Coûts des réactifs et des achats d'eau,-0.031294465708238524
Sevran,H66ISVT281 - U701-SEVRAN-TRI,R2023,[R0100-EW-109] Tonnes entrantes,16952.92
Sevran,H66ISVT281 - U701-SEVRAN-TRI,R2023,[R1458-EW-110] Tonnage passage chaîne,0.952661842325688
Sevran,H66ISVT281 - U701-SEVRAN-TRI,R2023,VE000001 - Chiffre d'affaires,0.0
Sevran,H66ISVT281 - U701-SEVRAN-TRI,R2023,VE000002 - Prestations de service (hors Energie et Utilités),0.0
Sevran,H66ISVT281 - U701-SEVRAN-TRI,R2023,VE000003 - Prestation de service - part fixe,0.0
Sevran,H66ISVT281 - U701-SEVRAN-TRI,R2023,VE000004 - Prestation de service - part variable,0.0
Sevran,H66ISVT281 - U701-SEVRAN-TRI,R2023,VE000005 - Autres prestations de service,0.0
Sevran,H66ISVT281 - U701-SEVRAN-TRI,R2023,VE000015 - Ventes matières recyclées & matériaux bruts,0.0
Sevran,H66ISVT281 - U701-SEVRAN-TRI,R2023,VE000017 - Métaux ferreux - produit,0.0
Sevran,H66ISVT281 - U701-SEVRAN-TRI,R2023,VE000036 - Coûts des ventes cash (éléments PNE),0.0
Sevran,H66ISVT281 - U701-SEVRAN-TRI,R2023,VE000044 - Coûts sous-traitance externe d'activité (Propreté),0.0
Sevran,H66ISVT281 - U701-SEVRAN-TRI,R2023,VE000133 - Coûts sous-traitance externe d'activité (Propreté),0.0
Sevran,H66ISVT281 - U701-SEVRAN-TRI,R2023,PNE,0.0
Sevran,H66ISVT281 - U701-SEVRAN-TRI,R2023,VE000050 - Coûts des ventes cash (hors éléments PNE),0.0
Sevran,H66ISVT281 - U701-SEVRAN-TRI,R2023,VE000051 - Coûts de personnel,0.0
Sevran,H66ISVT281 - U701-SEVRAN-TRI,R2023,VE000052 - Personnel exploitation - interne,0.0
Sevran,H66ISVT281 - U701-SEVRAN-TRI,R2023,VE000053 - Personnel exploitation - externe,0.0
Sevran,H66ISVT281 - U701-SEVRAN-TRI,R2023,VE000057 - Autres avantages sociaux,0.0
Sevran,H66ISVT281 - U701-SEVRAN-TRI,R2023,VE000067 - Entretien & maintenance courante (hors personnel),0.0
Sevran,H66ISVT281 - U701-SEVRAN-TRI,R2023,VE000068 - Pièces détachées,0.0
Sevran,H66ISVT281 - U701-SEVRAN-TRI,R2023,VE000069 - Sous-traitance - maintenance courante,0.0
Sevran,H66ISVT281 - U701-SEVRAN-TRI,R2023,VE000070 - Autres coûts - maintenance courante,0.0
Sevran,H66ISVT281 - U701-SEVRAN-TRI,R2023,VE000071 - Maint. Obligatoire Programmée & renouvel. (hors pers.),0.0
Sevran,H66ISVT281 - U701-SEVRAN-TRI,R2023,VE000072 - Equipements & pièces détachées,0.0
Sevran,H66ISVT281 - U701-SEVRAN-TRI,R2023,"VE000073 - Sous-traitance, maint. Oblig. Prog. & renouvel.",0.0
Sevran,H66ISVT281 - U701-SEVRAN-TRI,R2023,"VE000074 - Autres coûts, maint. Oblig. Prog. & renouvel.",0.0
Sevran,H66ISVT281 - U701-SEVRAN-TRI,R2023,VE000077 - Coût des énergies pour production & distribution,0.0
Sevran,H66ISVT281 - U701-SEVRAN-TRI,R2023,VE000080 - Autres combustibles fossiles,0.0
Sevran,H66ISVT281 - U701-SEVRAN-TRI,R2023,VE000088 - Autres coûts de production d'énergies,0.0
Sevran,H66ISVT281 - U701-SEVRAN-TRI,R2023,VE000089 - Traitement et évacuation des sous-produits,0.0
Sevran,H66ISVT281 - U701-SEVRAN-TRI,R2023,"VE000093 - Boues, graviers et refus de dégrillage",0.0
Sevran,H66ISVT281 - U701-SEVRAN-TRI,R2023,VE000097 - Autres coûts d'exploitation,0.0
Sevran,H66ISVT281 - U701-SEVRAN-TRI,R2023,VE000098 - Laboratoire et analyses,0.0
Sevran,H66ISVT281 - U701-SEVRAN-TRI,R2023,VE000099 - Equipements mobiles & Equipements motorisés,0.0
Sevran,H66ISVT281 - U701-SEVRAN-TRI,R2023,VE000100 - Bâtiments d'exploitation,0.0
Sevran,H66ISVT281 - U701-SEVRAN-TRI,R2023,VE000102 - Taxes et redevances,0.0
Sevran,H66ISVT281 - U701-SEVRAN-TRI,R2023,VE000103 - Assurances,0.0
Sevran,H66ISVT281 - U701-SEVRAN-TRI,R2023,VE000104 - Autres - autres coûts d'exploitation,0.0
Sevran,H66ISVT281 - U701-SEVRAN-TRI,R2023,Marge Brute Cash,0.0
Sevran,H66ISVT281 - U701-SEVRAN-TRI,R2023,VE000107 - Coûts COM & G&A (cash),0.0
Sevran,H66ISVT281 - U701-SEVRAN-TRI,R2023,VE000112 - Coûts Généraux & Administratifs (G&A),0.0
Sevran,H66ISVT281 - U701-SEVRAN-TRI,R2023,VE000115 - Autres coûts (G&A),0.0
Sevran,H66ISVT281 - U701-SEVRAN-TRI,R2023,EBITDA,0.0
Sevran,H66ISVT281 - U701-SEVRAN-TRI,R2023,Coûts Non Cash,0.0
Sevran,H66ISVT281 - U701-SEVRAN-TRI,R2023,VE000118 - Coûts des Ventes (non cash),0.0
Sevran,H66ISVT281 - U701-SEVRAN-TRI,R2023,VE000119 - CDV - Coûts de Personnel (non cash),0.0
Sevran,H66ISVT281 - U701-SEVRAN-TRI,R2023,VE000141 - CDV - Coûts de Personnel (non cash),0.0
Sevran,H66ISVT281 - U701-SEVRAN-TRI,R2023,VE000121 - CDV - Autres amortissements & Dépréciation,0.0
Sevran,H66ISVT281 - U701-SEVRAN-TRI,R2023,VE000132 - CDV - Autres amortissements & Dépréciation,0.0
Sevran,H66ISVT281 - U701-SEVRAN-TRI,R2023,EBIT Courant,0.0
Sevran,H66ISVT281 - U701-SEVRAN-TRI,R2023,VE000034 - Subventions d'exploitation,0.0
Sevran,H66ISVT281 - U701-SEVRAN-TRI,R2023,VE000054 - Personnel maintenance - interne,0.0
Sevran,H66ISVT281 - U701-SEVRAN-TRI,R2023,VE000055 - Personnel maintenance - externe,0.0
Sevran,H66ISVT281 - U701-SEVRAN-TRI,R2023,VE000075 - Autre sous-traitance (Construction & Travaux),0.0
Sevran,H66ISVT281 - U701-SEVRAN-TRI,R2023,VE000083 - Electricité,0.0
Sevran,H66ISVT281 - U701-SEVRAN-TRI,R2023,VE000084 - Achat d'eau,0.0
Sevran,H66ISVT281 - U701-SEVRAN-TRI,R2023,VE000086 - Réactifs,0.0
Sevran,H66ISVT281 - U701-SEVRAN-TRI,R2023,VE000130 - Subventions d'exploitation,0.0
Sevran,H66ISVT281 - U701-SEVRAN-TRI,R2023,VE000137 - Autre sous-traitance (Construction & Travaux),0.0
Sevran,H66ISVT281 - U701-SEVRAN-TRI,R2023,VE000161 - Coûts des réactifs et des achats d'eau,0.0
Sevran,H66ISVT281 - U701-SEVRAN-TRI,R2024,[R0100-EW-109] Tonnes entrantes,18424.18
Sevran,H66ISVT281 - U701-SEVRAN-TRI,R2024,[R1458-EW-110] Tonnage passage chaîne,0.9633633627113934
Sevran,H66ISVT281 - U701-SEVRAN-TRI,R2024,VE000001 - Chiffre d'affaires,270.26083548901505
Sevran,H66ISVT281 - U701-SEVRAN-TRI,R2024,VE000002 - Prestations de service (hors Energie et Utilités),269.68111362351
Sevran,H66ISVT281 - U701-SEVRAN-TRI,R2024,VE000003 - Prestation de service - part fixe,23.027456310131587
Sevran,H66ISVT281 - U701-SEVRAN-TRI,R2024,VE000004 - Prestation de service - part variable,234.86404496699447
Sevran,H66ISVT281 - U701-SEVRAN-TRI,R2024,VE000005 - Autres prestations de service,11.789612346383937
Sevran,H66ISVT281 - U701-SEVRAN-TRI,R2024,VE000015 - Ventes matières recyclées & matériaux bruts,0.5797218655050048
Sevran,H66ISVT281 - U701-SEVRAN-TRI,R2024,VE000017 - Métaux ferreux - produit,0.5797218655050048
Sevran,H66ISVT281 - U701-SEVRAN-TRI,R2024,VE000036 - Coûts des ventes cash (éléments PNE),-14.445273548130766
Sevran,H66ISVT281 - U701-SEVRAN-TRI,R2024,VE000044 - Coûts sous-traitance externe d'activité (Propreté),-14.445273548130766
Sevran,H66ISVT281 - U701-SEVRAN-TRI,R2024,VE000133 - Coûts sous-traitance externe d'activité (Propreté),-14.445273548130766
Sevran,H66ISVT281 - U701-SEVRAN-TRI,R2024,PNE,255.81556194088427
Sevran,H66ISVT281 - U701-SEVRAN-TRI,R2024,VE000050 - Coûts des ventes cash (hors éléments PNE),-222.43109055599754
Sevran,H66ISVT281 - U701-SEVRAN-TRI,R2024,VE000051 - Coûts de personnel,-144.3080755832824
Sevran,H66ISVT281 - U701-SEVRAN-TRI,R2024,VE000052 - Personnel exploitation - interne,-95.52096538353402
Sevran,H66ISVT281 - U701-SEVRAN-TRI,R2024,VE000053 - Personnel exploitation - externe,-17.80941567005967
Sevran,H66ISVT281 - U701-SEVRAN-TRI,R2024,VE000057 - Autres avantages sociaux,-0.7400307639200224
Sevran,H66ISVT281 - U701-SEVRAN-TRI,R2024,VE000067 - Entretien & maintenance courante (hors personnel),-13.11745054596731
Sevran,H66ISVT281 - U701-SEVRAN-TRI,R2024,VE000068 - Pièces détachées,-9.251567776693452
Sevran,H66ISVT281 - U701-SEVRAN-TRI,R2024,VE000069 - Sous-traitance - maintenance courante,-3.100830538998208
Sevran,H66ISVT281 - U701-SEVRAN-TRI,R2024,VE000070 - Autres coûts - maintenance courante,-0.7650522302756486
Sevran,H66ISVT281 - U701-SEVRAN-TRI,R2024,VE000071 - Maint. Obligatoire Programmée & renouvel. (hors pers.),-11.789612346383937
Sevran,H66ISVT281 - U701-SEVRAN-TRI,R2024,VE000072 - Equipements & pièces détachées,-4.417262532172395
Sevran,H66ISVT281 - U701-SEVRAN-TRI,R2024,"VE000073 - Sous-traitance, maint. Oblig. Prog. & renouvel.",-6.354611168583894
Sevran,H66ISVT281 - U701-SEVRAN-TRI,R2024,"VE000074 - Autres coûts, maint. Oblig. Prog. & renouvel.",-1.017738645627648
Sevran,H66ISVT281 - U701-SEVRAN-TRI,R2024,VE000077 - Coût des énergies pour production & distribution,-14.177720799514551
Sevran,H66ISVT281 - U701-SEVRAN-TRI,R2024,VE000080 - Autres combustibles fossiles,-1.995407665361498
Sevran,H66ISVT281 - U701-SEVRAN-TRI,R2024,VE000088 - Autres coûts de production d'énergies,-0.01609569598212784
Sevran,H66ISVT281 - U701-SEVRAN-TRI,R2024,VE000089 - Traitement et évacuation des sous-produits,-0.11821258802291343
Sevran,H66ISVT281 - U701-SEVRAN-TRI,R2024,"VE000093 - Boues, graviers et refus de dégrillage",-0.11821258802291343
Sevran,H66ISVT281 - U701-SEVRAN-TRI,R2024,VE000097 - Autres coûts d'exploitation,-38.33742560048806
Sevran,H66ISVT281 - U701-SEVRAN-TRI,R2024,VE000098 - Laboratoire et analyses,-0.6584510138307377
Sevran,H66ISVT281 - U701-SEVRAN-TRI,R2024,VE000099 - Equipements mobiles & Equipements motorisés,-6.772787174246018
Sevran,H66ISVT281 - U701-SEVRAN-TRI,R2024,VE000100 - Bâtiments d'exploitation,-9.978606917648438
Sevran,H66ISVT281 - U701-SEVRAN-TRI,R2024,VE000102 - Taxes et redevances,-4.229266648502132
Sevran,H66ISVT281 - U701-SEVRAN-TRI,R2024,VE000103 - Assurances,-9.88033280178548
Sevran,H66ISVT281 - U701-SEVRAN-TRI,R2024,VE000104 - Autres - autres coûts d'exploitation,-6.81798104447525
Sevran,H66ISVT281 - U701-SEVRAN-TRI,R2024,Marge Brute Cash,33.384471384886666
Sevran,H66ISVT281 - U701-SEVRAN-TRI,R2024,VE000107 - Coûts COM & G&A (cash),-35.718820050607405
Sevran,H66ISVT281 - U701-SEVRAN-TRI,R2024,VE000112 - Coûts Généraux & Administratifs (G&A),-35.718820050607405
Sevran,H66ISVT281 - U701-SEVRAN-TRI,R2024,VE000115 - Autres coûts (G&A),-35.718820050607405
Sevran,H66ISVT281 - U701-SEVRAN-TRI,R2024,EBITDA,-2.33434866572075
Sevran,H66ISVT281 - U701-SEVRAN-TRI,R2024,Coûts Non Cash,-13.007926540014264
Sevran,H66ISVT281 - U701-SEVRAN-TRI,R2024,VE000118 - Coûts des Ventes (non cash),-13.007926540014264
Sevran,H66ISVT281 - U701-SEVRAN-TRI,R2024,VE000119 - CDV - Coûts de Personnel (non cash),-13.006841010020528
Sevran,H66ISVT281 - U701-SEVRAN-TRI,R2024,VE000141 - CDV - Coûts de Personnel (non cash),-13.006841010020528
Sevran,H66ISVT281 - U701-SEVRAN-TRI,R2024,VE000121 - CDV - Autres amortissements & Dépréciation,-0.001085529993736492
Sevran,H66ISVT281 - U701-SEVRAN-TRI,R2024,VE000132 - CDV - Autres amortissements & Dépréciation,-0.001085529993736492
Sevran,H66ISVT281 - U701-SEVRAN-TRI,R2024,EBIT Courant,-15.342275205735007
Sevran,H66ISVT281 - U701-SEVRAN-TRI,R2024,VE000034 - Subventions d'exploitation,0.0
Sevran,H66ISVT281 - U701-SEVRAN-TRI,R2024,VE000054 - Personnel maintenance - interne,-26.547122857028107
Sevran,H66ISVT281 - U701-SEVRAN-TRI,R2024,VE000055 - Personnel maintenance - externe,-3.690540908740579
Sevran,H66ISVT281 - U701-SEVRAN-TRI,R2024,VE000075 - Autre sous-traitance (Construction & Travaux),0.0
Sevran,H66ISVT281 - U701-SEVRAN-TRI,R2024,VE000083 - Electricité,-12.166217438170925
Sevran,H66ISVT281 - U701-SEVRAN-TRI,R2024,VE000084 - Achat d'eau,-0.5701138395304431
Sevran,H66ISVT281 - U701-SEVRAN-TRI,R2024,VE000086 - Réactifs,-0.01247925280799471
Sevran,H66ISVT281 - U701-SEVRAN-TRI,R2024,VE000130 - Subventions d'exploitation,0.0
Sevran,H66ISVT281 - U701-SEVRAN-TRI,R2024,VE000137 - Autre sous-traitance (Construction & Travaux),0.0
Sevran,H66ISVT281 - U701-SEVRAN-TRI,R2024,VE000161 - Coûts des réactifs et des achats d'eau,-0.5825930923384378
Sevran,H66ISVT281 - U701-SEVRAN-TRI,R2025,[R0100-EW-109] Tonnes entrantes,19276.41
Sevran,H66ISVT281 - U701-SEVRAN-TRI,R2025,[R1458-EW-110] Tonnage passage chaîne,0.9609584979775804
Sevran,H66ISVT281 - U701-SEVRAN-TRI,R2025,VE000001 - Chiffre d'affaires,280.47210969262426
Sevran,H66ISVT281 - U701-SEVRAN-TRI,R2025,VE000002 - Prestations de service (hors Energie et Utilités),280.0979985381095
Sevran,H66ISVT281 - U701-SEVRAN-TRI,R2025,VE000003 - Prestation de service - part fixe,0.10375375912838541
Sevran,H66ISVT281 - U701-SEVRAN-TRI,R2025,VE000004 - Prestation de service - part variable,257.9292778063965
Sevran,H66ISVT281 - U701-SEVRAN-TRI,R2025,VE000005 - Autres prestations de service,22.064966972584624
Sevran,H66ISVT281 - U701-SEVRAN-TRI,R2025,VE000015 - Ventes matières recyclées & matériaux bruts,0.37411115451476695
Sevran,H66ISVT281 - U701-SEVRAN-TRI,R2025,VE000017 - Métaux ferreux - produit,0.37411115451476695
Sevran,H66ISVT281 - U701-SEVRAN-TRI,R2025,VE000036 - Coûts des ventes cash (éléments PNE),-14.662224449469583
Sevran,H66ISVT281 - U701-SEVRAN-TRI,R2025,VE000044 - Coûts sous-traitance externe d'activité (Propreté),-14.662224449469583
Sevran,H66ISVT281 - U701-SEVRAN-TRI,R2025,VE000133 - Coûts sous-traitance externe d'activité (Propreté),-14.662224449469583
Sevran,H66ISVT281 - U701-SEVRAN-TRI,R2025,PNE,265.8098852431547
Sevran,H66ISVT281 - U701-SEVRAN-TRI,R2025,VE000050 - Coûts des ventes cash (hors éléments PNE),-234.89532438872172
Sevran,H66ISVT281 - U701-SEVRAN-TRI,R2025,VE000051 - Coûts de personnel,-154.0252655966541
Sevran,H66ISVT281 - U701-SEVRAN-TRI,R2025,VE000052 - Personnel exploitation - interne,-89.99462659281474
Sevran,H66ISVT281 - U701-SEVRAN-TRI,R2025,VE000053 - Personnel exploitation - externe,-32.2465236006082
Sevran,H66ISVT281 - U701-SEVRAN-TRI,R2025,VE000057 - Autres avantages sociaux,-1.017365266665318
Sevran,H66ISVT281 - U701-SEVRAN-TRI,R2025,VE000067 - Entretien & maintenance courante (hors personnel),-12.506294999950716
Sevran,H66ISVT281 - U701-SEVRAN-TRI,R2025,VE000068 - Pièces détachées,-8.696378111899467
Sevran,H66ISVT281 - U701-SEVRAN-TRI,R2025,VE000069 - Sous-traitance - maintenance courante,-3.216609316776308
Sevran,H66ISVT281 - U701-SEVRAN-TRI,R2025,VE000070 - Autres coûts - maintenance courante,-0.5933075712749417
Sevran,H66ISVT281 - U701-SEVRAN-TRI,R2025,VE000071 - Maint. Obligatoire Programmée & renouvel. (hors pers.),-22.06496697258462
Sevran,H66ISVT281 - U701-SEVRAN-TRI,R2025,VE000072 - Equipements & pièces détachées,-4.474279702496471
Sevran,H66ISVT281 - U701-SEVRAN-TRI,R2025,"VE000073 - Sous-traitance, maint. Oblig. Prog. & renouvel.",-16.29291657523366
Sevran,H66ISVT281 - U701-SEVRAN-TRI,R2025,"VE000074 - Autres coûts, maint. Oblig. Prog. & renouvel.",-1.297770694854488
Sevran,H66ISVT281 - U701-SEVRAN-TRI,R2025,VE000077 - Coût des énergies pour production & distribution,-15.941404026994652
Sevran,H66ISVT281 - U701-SEVRAN-TRI,R2025,VE000080 - Autres combustibles fossiles,-1.2554365672861285
Sevran,H66ISVT281 - U701-SEVRAN-TRI,R2025,VE000088 - Autres coûts de production d'énergies,-0.0023443161875058684
Sevran,H66ISVT281 - U701-SEVRAN-TRI,R2025,VE000089 - Traitement et évacuation des sous-produits,-2.0642014359813684e-17
Sevran,H66ISVT281 - U701-SEVRAN-TRI,R2025,"VE000093 - Boues, graviers et refus de dégrillage",-2.0642014359813684e-17
Sevran,H66ISVT281 - U701-SEVRAN-TRI,R2025,VE000097 - Autres coûts d'exploitation,-28.918183416932926
Sevran,H66ISVT281 - U701-SEVRAN-TRI,R2025,VE000098 - Laboratoire et analyses,-0.9002303852221445
Sevran,H66ISVT281 - U701-SEVRAN-TRI,R2025,VE000099 - Equipements mobiles & Equipements motorisés,-6.928580062366384
Sevran,H66ISVT281 - U701-SEVRAN-TRI,R2025,VE000100 - Bâtiments d'exploitation,-7.795210830232392
Sevran,H66ISVT281 - U701-SEVRAN-TRI,R2025,VE000102 - Taxes et redevances,-1.6976522080615633
Sevran,H66ISVT281 - U701-SEVRAN-TRI,R2025,VE000103 - Assurances,-7.796389991704888
Sevran,H66ISVT281 - U701-SEVRAN-TRI,R2025,VE000104 - Autres - autres coûts d'exploitation,-3.800119939345553
Sevran,H66ISVT281 - U701-SEVRAN-TRI,R2025,Marge Brute Cash,30.914560854432946
Sevran,H66ISVT281 - U701-SEVRAN-TRI,R2025,VE000107 - Coûts COM & G&A (cash),-35.26030002474527
Sevran,H66ISVT281 - U701-SEVRAN-TRI,R2025,VE000112 - Coûts Généraux & Administratifs (G&A),-35.26030002474527
Sevran,H66ISVT281 - U701-SEVRAN-TRI,R2025,VE000115 - Autres coûts (G&A),-35.26030002474527
Sevran,H66ISVT281 - U701-SEVRAN-TRI,R2025,EBITDA,-4.345739170312325
Sevran,H66ISVT281 - U701-SEVRAN-TRI,R2025,Coûts Non Cash,1.468913558074351
Sevran,H66ISVT281 - U701-SEVRAN-TRI,R2025,VE000118 - Coûts des Ventes (non cash),1.468913558074351
Sevran,H66ISVT281 - U701-SEVRAN-TRI,R2025,VE000119 - CDV - Coûts de Personnel (non cash),1.4689654349539152
Sevran,H66ISVT281 - U701-SEVRAN-TRI,R2025,VE000141 - CDV - Coûts de Personnel (non cash),1.4689654349539152
Sevran,H66ISVT281 - U701-SEVRAN-TRI,R2025,VE000121 - CDV - Autres amortissements & Dépréciation,-5.187687956419271e-05
Sevran,H66ISVT281 - U701-SEVRAN-TRI,R2025,VE000132 - CDV - Autres amortissements & Dépréciation,-5.187687956419271e-05
Sevran,H66ISVT281 - U701-SEVRAN-TRI,R2025,EBIT Courant,-2.8768256122379796
Sevran,H66ISVT281 - U701-SEVRAN-TRI,R2025,VE000034 - Subventions d'exploitation,0.0
Sevran,H66ISVT281 - U701-SEVRAN-TRI,R2025,VE000054 - Personnel maintenance - interne,-25.95791125007198
Sevran,H66ISVT281 - U701-SEVRAN-TRI,R2025,VE000055 - Personnel maintenance - externe,-4.8088388864939065
Sevran,H66ISVT281 - U701-SEVRAN-TRI,R2025,VE000075 - Autre sous-traitance (Construction & Travaux),-1.0450763394221227
Sevran,H66ISVT281 - U701-SEVRAN-TRI,R2025,VE000083 - Electricité,-14.683623143521018
Sevran,H66ISVT281 - U701-SEVRAN-TRI,R2025,VE000084 - Achat d'eau,-0.3681530948968195
Sevran,H66ISVT281 - U701-SEVRAN-TRI,R2025,VE000086 - Réactifs,-0.02597994128574771
Sevran,H66ISVT281 - U701-SEVRAN-TRI,R2025,VE000130 - Subventions d'exploitation,0.0
Sevran,H66ISVT281 - U701-SEVRAN-TRI,R2025,VE000137 - Autre sous-traitance (Construction & Travaux),-1.0450763394221227
Sevran,H66ISVT281 - U701-SEVRAN-TRI,R2025,VE000161 - Coûts des réactifs et des achats d'eau,-0.39413303618256723
Chézy,H66RSAL281 - U310-ALLIER-TRI,R2023,[R0100-EW-109] Tonnes entrantes,22693.15
Chézy,H66RSAL281 - U310-ALLIER-TRI,R2023,[R1458-EW-110] Tonnage passage chaîne,0.9307108092089462
Chézy,H66RSAL281 - U310-ALLIER-TRI,R2023,VE000001 - Chiffre d'affaires,81.62677944666122
Chézy,H66RSAL281 - U310-ALLIER-TRI,R2023,VE000002 - Prestations de service (hors Energie et Utilités),81.62677944666122
Chézy,H66RSAL281 - U310-ALLIER-TRI,R2023,VE000003 - Prestation de service - part fixe,34.65838369728311
Chézy,H66RSAL281 - U310-ALLIER-TRI,R2023,VE000004 - Prestation de service - part variable,43.31347344903639
Chézy,H66RSAL281 - U310-ALLIER-TRI,R2023,VE000005 - Autres prestations de service,3.654922300341733
Chézy,H66RSAL281 - U310-ALLIER-TRI,R2023,VE000024 - Revenus des Travaux,0.0
Chézy,H66RSAL281 - U310-ALLIER-TRI,R2023,VE000036 - Coûts des ventes cash (éléments PNE),-4.44861863602012
Chézy,H66RSAL281 - U310-ALLIER-TRI,R2023,VE000044 - Coûts sous-traitance externe d'activité (Propreté),-0.1134262982441838
Chézy,H66RSAL281 - U310-ALLIER-TRI,R2023,VE000133 - Coûts sous-traitance externe d'activité (Propreté),-0.1134262982441838
Chézy,H66RSAL281 - U310-ALLIER-TRI,R2023,VE000045 - Prestations internes - Charge (Propreté),-4.335192337775936
Chézy,H66RSAL281 - U310-ALLIER-TRI,R2023,VE000134 - Prestations internes - Charge (Propreté),-4.335192337775936
Chézy,H66RSAL281 - U310-ALLIER-TRI,R2023,PNE,77.17816081064109
Chézy,H66RSAL281 - U310-ALLIER-TRI,R2023,VE000050 - Coûts des ventes cash (hors éléments PNE),-81.072551408685
Chézy,H66RSAL281 - U310-ALLIER-TRI,R2023,VE000051 - Coûts de personnel,-45.00073282025633
Chézy,H66RSAL281 - U310-ALLIER-TRI,R2023,VE000052 - Personnel exploitation - interne,-32.192404315839795
Chézy,H66RSAL281 - U310-ALLIER-TRI,R2023,VE000053 - Personnel exploitation - externe,-11.668401257648233
Chézy,H66RSAL281 - U310-ALLIER-TRI,R2023,VE000057 - Autres avantages sociaux,-1.139927246768298
Chézy,H66RSAL281 - U310-ALLIER-TRI,R2023,VE000067 - Entretien & maintenance courante (hors personnel),-5.601060672493682
Chézy,H66RSAL281 - U310-ALLIER-TRI,R2023,VE000068 - Pièces détachées,-3.1591242291175976
Chézy,H66RSAL281 - U310-ALLIER-TRI,R2023,VE000069 - Sous-traitance - maintenance courante,-2.4419364433760844
Chézy,H66RSAL281 - U310-ALLIER-TRI,R2023,VE000071 - Maint. Obligatoire Programmée & renouvel. (hors pers.),-3.625871243084367
Chézy,H66RSAL281 - U310-ALLIER-TRI,R2023,VE000072 - Equipements & pièces détachées,-1.5780158329716238
Chézy,H66RSAL281 - U310-ALLIER-TRI,R2023,"VE000073 - Sous-traitance, maint. Oblig. Prog. & renouvel.",-1.8714585678938358
Chézy,H66RSAL281 - U310-ALLIER-TRI,R2023,"VE000074 - Autres coûts, maint. Oblig. Prog. & renouvel.",-0.17639684221890745
Chézy,H66RSAL281 - U310-ALLIER-TRI,R2023,VE000077 - Coût des énergies pour production & distribution,-13.410779464287682
Chézy,H66RSAL281 - U310-ALLIER-TRI,R2023,VE000080 - Autres combustibles fossiles,-1.290620737975997
Chézy,H66RSAL281 - U310-ALLIER-TRI,R2023,"VE000085 - Diesel, essence",-0.057223435265707924
Chézy,H66RSAL281 - U310-ALLIER-TRI,R2023,VE000088 - Autres coûts de production d'énergies,-0.0006517385202142496
Chézy,H66RSAL281 - U310-ALLIER-TRI,R2023,VE000089 - Traitement et évacuation des sous-produits,-0.12632887016566674
Chézy,H66RSAL281 - U310-ALLIER-TRI,R2023,"VE000093 - Boues, graviers et refus de dégrillage",-0.12632887016566674
Chézy,H66RSAL281 - U310-ALLIER-TRI,R2023,VE000097 - Autres coûts d'exploitation,-13.181261746386019
Chézy,H66RSAL281 - U310-ALLIER-TRI,R2023,VE000098 - Laboratoire et analyses,-0.06005909272181253
Chézy,H66RSAL281 - U310-ALLIER-TRI,R2023,VE000099 - Equipements mobiles & Equipements motorisés,-1.6186012078534713
Chézy,H66RSAL281 - U310-ALLIER-TRI,R2023,VE000100 - Bâtiments d'exploitation,-1.6266855857384277
Chézy,H66RSAL281 - U310-ALLIER-TRI,R2023,VE000102 - Taxes et redevances,-0.4395921236143946
Chézy,H66RSAL281 - U310-ALLIER-TRI,R2023,VE000103 - Assurances,-5.856805688060053
Chézy,H66RSAL281 - U310-ALLIER-TRI,R2023,VE000104 - Autres - autres coûts d'exploitation,-3.579518048397864
Chézy,H66RSAL281 - U310-ALLIER-TRI,R2023,Marge Brute Cash,-3.894390598043909
Chézy,H66RSAL281 - U310-ALLIER-TRI,R2023,VE000107 - Coûts COM & G&A (cash),-9.574322207362133
Chézy,H66RSAL281 - U310-ALLIER-TRI,R2023,VE000108 - Coûts Commerciaux (COM),-0.4694980643938809
Chézy,H66RSAL281 - U310-ALLIER-TRI,R2023,VE000111 - Autres coûts (Commerciaux),-0.4694980643938809
Chézy,H66RSAL281 - U310-ALLIER-TRI,R2023,VE000112 - Coûts Généraux & Administratifs (G&A),-6.253740445905483
Chézy,H66RSAL281 - U310-ALLIER-TRI,R2023,VE000115 - Autres coûts (G&A),-6.253740445905483
Chézy,H66RSAL281 - U310-ALLIER-TRI,R2023,"VE000116 - Management fees, redevances (marque, savoir-faire)",-2.85108369706277
Chézy,H66RSAL281 - U310-ALLIER-TRI,R2023,"VE000140 - Management fees, redevances (marque, savoir-faire)",-2.85108369706277
Chézy,H66RSAL281 - U310-ALLIER-TRI,R2023,EBITDA,-13.468712805406039
Chézy,H66RSAL281 - U310-ALLIER-TRI,R2023,Coûts Non Cash,-2.523082075428048
Chézy,H66RSAL281 - U310-ALLIER-TRI,R2023,VE000118 - Coûts des Ventes (non cash),-2.523082075428048
Chézy,H66RSAL281 - U310-ALLIER-TRI,R2023,VE000119 - CDV - Coûts de Personnel (non cash),-0.15006951436887347
Chézy,H66RSAL281 - U310-ALLIER-TRI,R2023,VE000141 - CDV - Coûts de Personnel (non cash),-0.15006951436887347
Chézy,H66RSAL281 - U310-ALLIER-TRI,R2023,VE000121 - CDV - Autres amortissements & Dépréciation,-2.373012561059174
Chézy,H66RSAL281 - U310-ALLIER-TRI,R2023,VE000132 - CDV - Autres amortissements & Dépréciation,-2.373012561059174
Chézy,H66RSAL281 - U310-ALLIER-TRI,R2023,EBIT Courant,-15.991794880834089
Chézy,H66RSAL281 - U310-ALLIER-TRI,R2023,VE000027 - Autres travaux,0.0
Chézy,H66RSAL281 - U310-ALLIER-TRI,R2023,VE000037 - Coûts d'achat de produits pour revente (Propreté),0.0
Chézy,H66RSAL281 - U310-ALLIER-TRI,R2023,VE000038 - Papier & carton - charges,0.0
Chézy,H66RSAL281 - U310-ALLIER-TRI,R2023,VE000075 - Autre sous-traitance (Construction & Travaux),0.0
Chézy,H66RSAL281 - U310-ALLIER-TRI,R2023,VE000083 - Electricité,-12.062283552525763
Chézy,H66RSAL281 - U310-ALLIER-TRI,R2023,VE000084 - Achat d'eau,-0.05956114510325803
Chézy,H66RSAL281 - U310-ALLIER-TRI,R2023,VE000086 - Réactifs,-0.06695544690798765
Chézy,H66RSAL281 - U310-ALLIER-TRI,R2023,VE000122 - CDV - Autres charges (non cash),0.0
Chézy,H66RSAL281 - U310-ALLIER-TRI,R2023,VE000137 - Autre sous-traitance (Construction & Travaux),0.0
Chézy,H66RSAL281 - U310-ALLIER-TRI,R2023,VE000139 - CDV - Autres charges (non cash),0.0
Chézy,H66RSAL281 - U310-ALLIER-TRI,R2023,VE000161 - Coûts des réactifs et des achats d'eau,-0.12651659201124568
Chézy,H66RSAL281 - U310-ALLIER-TRI,R2024,[R0100-EW-109] Tonnes entrantes,22931.33
Chézy,H66RSAL281 - U310-ALLIER-TRI,R2024,[R1458-EW-110] Tonnage passage chaîne,0.9326039963665429
Chézy,H66RSAL281 - U310-ALLIER-TRI,R2024,VE000001 - Chiffre d'affaires,100.52975645110858
Chézy,H66RSAL281 - U310-ALLIER-TRI,R2024,VE000002 - Prestations de service (hors Energie et Utilités),100.52975645110858
Chézy,H66RSAL281 - U310-ALLIER-TRI,R2024,VE000003 - Prestation de service - part fixe,52.37132822213103
Chézy,H66RSAL281 - U310-ALLIER-TRI,R2024,VE000004 - Prestation de service - part variable,44.45012173301767
Chézy,H66RSAL281 - U310-ALLIER-TRI,R2024,VE000005 - Autres prestations de service,3.7083064959598935
Chézy,H66RSAL281 - U310-ALLIER-TRI,R2024,VE000024 - Revenus des Travaux,0.0
Chézy,H66RSAL281 - U310-ALLIER-TRI,R2024,VE000036 - Coûts des ventes cash (éléments PNE),-5.470426268341173
Chézy,H66RSAL281 - U310-ALLIER-TRI,R2024,VE000044 - Coûts sous-traitance externe d'activité (Propreté),-0.5362240218949358
Chézy,H66RSAL281 - U310-ALLIER-TRI,R2024,VE000133 - Coûts sous-traitance externe d'activité (Propreté),-0.5362240218949358
Chézy,H66RSAL281 - U310-ALLIER-TRI,R2024,VE000045 - Prestations internes - Charge (Propreté),-4.934202246446238
Chézy,H66RSAL281 - U310-ALLIER-TRI,R2024,VE000134 - Prestations internes - Charge (Propreté),-4.934202246446238
Chézy,H66RSAL281 - U310-ALLIER-TRI,R2024,PNE,95.05933018276741
Chézy,H66RSAL281 - U310-ALLIER-TRI,R2024,VE000050 - Coûts des ventes cash (hors éléments PNE),-89.73279962392058
Chézy,H66RSAL281 - U310-ALLIER-TRI,R2024,VE000051 - Coûts de personnel,-50.96504127758834
Chézy,H66RSAL281 - U310-ALLIER-TRI,R2024,VE000052 - Personnel exploitation - interne,-29.62107692837703
Chézy,H66RSAL281 - U310-ALLIER-TRI,R2024,VE000053 - Personnel exploitation - externe,-20.63510228146383
Chézy,H66RSAL281 - U310-ALLIER-TRI,R2024,VE000057 - Autres avantages sociaux,-0.7088620677474877
Chézy,H66RSAL281 - U310-ALLIER-TRI,R2024,VE000067 - Entretien & maintenance courante (hors personnel),-4.469522701038274
Chézy,H66RSAL281 - U310-ALLIER-TRI,R2024,VE000068 - Pièces détachées,-2.826706082900555
Chézy,H66RSAL281 - U310-ALLIER-TRI,R2024,VE000069 - Sous-traitance - maintenance courante,-1.642816618137718
Chézy,H66RSAL281 - U310-ALLIER-TRI,R2024,VE000071 - Maint. Obligatoire Programmée & renouvel. (hors pers.),-6.070482174387617
Chézy,H66RSAL281 - U310-ALLIER-TRI,R2024,VE000072 - Equipements & pièces détachées,-2.436695996263627
Chézy,H66RSAL281 - U310-ALLIER-TRI,R2024,"VE000073 - Sous-traitance, maint. Oblig. Prog. & renouvel.",-3.63378617812399
Chézy,H66RSAL281 - U310-ALLIER-TRI,R2024,"VE000074 - Autres coûts, maint. Oblig. Prog. & renouvel.",0.0
Chézy,H66RSAL281 - U310-ALLIER-TRI,R2024,VE000077 - Coût des énergies pour production & distribution,-13.63974309383712
Chézy,H66RSAL281 - U310-ALLIER-TRI,R2024,VE000080 - Autres combustibles fossiles,-1.265718560589377
Chézy,H66RSAL281 - U310-ALLIER-TRI,R2024,"VE000085 - Diesel, essence",-0.057464612824463294
Chézy,H66RSAL281 - U310-ALLIER-TRI,R2024,VE000088 - Autres coûts de production d'énergies,-0.00038070186072940377
Chézy,H66RSAL281 - U310-ALLIER-TRI,R2024,VE000089 - Traitement et évacuation des sous-produits,0.0024852461675793852
Chézy,H66RSAL281 - U310-ALLIER-TRI,R2024,"VE000093 - Boues, graviers et refus de dégrillage",0.0024852461675793852
Chézy,H66RSAL281 - U310-ALLIER-TRI,R2024,VE000097 - Autres coûts d'exploitation,-14.20152341796137
Chézy,H66RSAL281 - U310-ALLIER-TRI,R2024,VE000098 - Laboratoire et analyses,-0.050321110899367805
Chézy,H66RSAL281 - U310-ALLIER-TRI,R2024,VE000099 - Equipements mobiles & Equipements motorisés,-1.5561094799124169
Chézy,H66RSAL281 - U310-ALLIER-TRI,R2024,VE000100 - Bâtiments d'exploitation,-1.5224559587254642
Chézy,H66RSAL281 - U310-ALLIER-TRI,R2024,VE000102 - Taxes et redevances,-0.41507143283882786
Chézy,H66RSAL281 - U310-ALLIER-TRI,R2024,VE000103 - Assurances,-5.930800786522194
Chézy,H66RSAL281 - U310-ALLIER-TRI,R2024,VE000104 - Autres - autres coûts d'exploitation,-4.726764649063093
Chézy,H66RSAL281 - U310-ALLIER-TRI,R2024,Marge Brute Cash,5.326530558846779
Chézy,H66RSAL281 - U310-ALLIER-TRI,R2024,VE000107 - Coûts COM & G&A (cash),-11.29455378296854
Chézy,H66RSAL281 - U310-ALLIER-TRI,R2024,VE000108 - Coûts Commerciaux (COM),-0.5722036183684068
Chézy,H66RSAL281 - U310-ALLIER-TRI,R2024,VE000111 - Autres coûts (Commerciaux),-0.5722036183684068
Chézy,H66RSAL281 - U310-ALLIER-TRI,R2024,VE000112 - Coûts Généraux & Administratifs (G&A),-6.783011713668592
Chézy,H66RSAL281 - U310-ALLIER-TRI,R2024,VE000115 - Autres coûts (G&A),-6.783011713668592
Chézy,H66RSAL281 - U310-ALLIER-TRI,R2024,"VE000116 - Management fees, redevances (marque, savoir-faire)",-3.939338450931542
Chézy,H66RSAL281 - U310-ALLIER-TRI,R2024,"VE000140 - Management fees, redevances (marque, savoir-faire)",-3.939338450931542
Chézy,H66RSAL281 - U310-ALLIER-TRI,R2024,EBITDA,-5.968023224121763
Chézy,H66RSAL281 - U310-ALLIER-TRI,R2024,Coûts Non Cash,-4.713708712054642
Chézy,H66RSAL281 - U310-ALLIER-TRI,R2024,VE000118 - Coûts des Ventes (non cash),-4.713708712054642
Chézy,H66RSAL281 - U310-ALLIER-TRI,R2024,VE000119 - CDV - Coûts de Personnel (non cash),-0.08808821817138386
Chézy,H66RSAL281 - U310-ALLIER-TRI,R2024,VE000141 - CDV - Coûts de Personnel (non cash),-0.08808821817138386
Chézy,H66RSAL281 - U310-ALLIER-TRI,R2024,VE000121 - CDV - Autres amortissements & Dépréciation,-2.3579805445214035
Chézy,H66RSAL281 - U310-ALLIER-TRI,R2024,VE000132 - CDV - Autres amortissements & Dépréciation,-2.3579805445214035
Chézy,H66RSAL281 - U310-ALLIER-TRI,R2024,EBIT Courant,-10.681731936176401
Chézy,H66RSAL281 - U310-ALLIER-TRI,R2024,VE000027 - Autres travaux,0.0
Chézy,H66RSAL281 - U310-ALLIER-TRI,R2024,VE000037 - Coûts d'achat de produits pour revente (Propreté),0.0
Chézy,H66RSAL281 - U310-ALLIER-TRI,R2024,VE000038 - Papier & carton - charges,0.0
Chézy,H66RSAL281 - U310-ALLIER-TRI,R2024,VE000075 - Autre sous-traitance (Construction & Travaux),-0.2397222489929716
Chézy,H66RSAL281 - U310-ALLIER-TRI,R2024,VE000083 - Electricité,-12.316179218562556
Chézy,H66RSAL281 - U310-ALLIER-TRI,R2024,VE000084 - Achat d'eau,-0.1019557086309429
Chézy,H66RSAL281 - U310-ALLIER-TRI,R2024,VE000086 - Réactifs,-0.047294247651575375
Chézy,H66RSAL281 - U310-ALLIER-TRI,R2024,VE000122 - CDV - Autres charges (non cash),-2.2676399493618553
Chézy,H66RSAL281 - U310-ALLIER-TRI,R2024,VE000137 - Autre sous-traitance (Construction & Travaux),-0.2397222489929716
Chézy,H66RSAL281 - U310-ALLIER-TRI,R2024,VE000139 - CDV - Autres charges (non cash),-2.2676399493618553
Chézy,H66RSAL281 - U310-ALLIER-TRI,R2024,VE000161 - Coûts des réactifs et des achats d'eau,-0.14924995628251828
Chézy,H66RSAL281 - U310-ALLIER-TRI,R2025,[R0100-EW-109] Tonnes entrantes,23491.77
Chézy,H66RSAL281 - U310-ALLIER-TRI,R2025,[R1458-EW-110] Tonnage passage chaîne,0.9325231772659105
Chézy,H66RSAL281 - U310-ALLIER-TRI,R2025,VE000001 - Chiffre d'affaires,92.38189842655534
Chézy,H66RSAL281 - U310-ALLIER-TRI,R2025,VE000002 - Prestations de service (hors Energie et Utilités),92.38189842655534
Chézy,H66RSAL281 - U310-ALLIER-TRI,R2025,VE000003 - Prestation de service - part fixe,38.825882426058136
Chézy,H66RSAL281 - U310-ALLIER-TRI,R2025,VE000004 - Prestation de service - part variable,49.55977902048249
Chézy,H66RSAL281 - U310-ALLIER-TRI,R2025,VE000005 - Autres prestations de service,3.9962369800147037
Chézy,H66RSAL281 - U310-ALLIER-TRI,R2025,VE000024 - Revenus des Travaux,0.0
Chézy,H66RSAL281 - U310-ALLIER-TRI,R2025,VE000036 - Coûts des ventes cash (éléments PNE),-4.856375658368867
Chézy,H66RSAL281 - U310-ALLIER-TRI,R2025,VE000044 - Coûts sous-traitance externe d'activité (Propreté),0.07320350914384059
Chézy,H66RSAL281 - U310-ALLIER-TRI,R2025,VE000133 - Coûts sous-traitance externe d'activité (Propreté),0.07320350914384059
Chézy,H66RSAL281 - U310-ALLIER-TRI,R2025,VE000045 - Prestations internes - Charge (Propreté),-4.911100355571334
Chézy,H66RSAL281 - U310-ALLIER-TRI,R2025,VE000134 - Prestations internes - Charge (Propreté),-4.911100355571334
Chézy,H66RSAL281 - U310-ALLIER-TRI,R2025,PNE,87.52552276818648
Chézy,H66RSAL281 - U310-ALLIER-TRI,R2025,VE000050 - Coûts des ventes cash (hors éléments PNE),-90.04629025399109
Chézy,H66RSAL281 - U310-ALLIER-TRI,R2025,VE000051 - Coûts de personnel,-47.23233072688861
Chézy,H66RSAL281 - U310-ALLIER-TRI,R2025,VE000052 - Personnel exploitation - interne,-32.036194377860845
Chézy,H66RSAL281 - U310-ALLIER-TRI,R2025,VE000053 - Personnel exploitation - externe,-14.474627497204335
Chézy,H66RSAL281 - U310-ALLIER-TRI,R2025,VE000057 - Autres avantages sociaux,-0.7215088518234258
Chézy,H66RSAL281 - U310-ALLIER-TRI,R2025,VE000067 - Entretien & maintenance courante (hors personnel),-5.442941081067966
Chézy,H66RSAL281 - U310-ALLIER-TRI,R2025,VE000068 - Pièces détachées,-2.692475279640487
Chézy,H66RSAL281 - U310-ALLIER-TRI,R2025,VE000069 - Sous-traitance - maintenance courante,-2.7504658014274783
Chézy,H66RSAL281 - U310-ALLIER-TRI,R2025,VE000071 - Maint. Obligatoire Programmée & renouvel. (hors pers.),-9.609204414992995
Chézy,H66RSAL281 - U310-ALLIER-TRI,R2025,VE000072 - Equipements & pièces détachées,-3.2632015382408386
Chézy,H66RSAL281 - U310-ALLIER-TRI,R2025,"VE000073 - Sous-traitance, maint. Oblig. Prog. & renouvel.",-6.358869936152107
Chézy,H66RSAL281 - U310-ALLIER-TRI,R2025,"VE000074 - Autres coûts, maint. Oblig. Prog. & renouvel.",0.012867059399951556
Chézy,H66RSAL281 - U310-ALLIER-TRI,R2025,VE000077 - Coût des énergies pour production & distribution,-11.485449585110018
Chézy,H66RSAL281 - U310-ALLIER-TRI,R2025,VE000080 - Autres combustibles fossiles,-0.935156014212637
Chézy,H66RSAL281 - U310-ALLIER-TRI,R2025,"VE000085 - Diesel, essence",-0.0462481115726912
Chézy,H66RSAL281 - U310-ALLIER-TRI,R2025,VE000088 - Autres coûts de production d'énergies,-0.0020266672115383387
Chézy,H66RSAL281 - U310-ALLIER-TRI,R2025,VE000089 - Traitement et évacuation des sous-produits,0.0
Chézy,H66RSAL281 - U310-ALLIER-TRI,R2025,"VE000093 - Boues, graviers et refus de dégrillage",0.0
Chézy,H66RSAL281 - U310-ALLIER-TRI,R2025,VE000097 - Autres coûts d'exploitation,-16.06647306695068
Chézy,H66RSAL281 - U310-ALLIER-TRI,R2025,VE000098 - Laboratoire et analyses,-0.07993565406097539
Chézy,H66RSAL281 - U310-ALLIER-TRI,R2025,VE000099 - Equipements mobiles & Equipements motorisés,-2.155491050695627
Chézy,H66RSAL281 - U310-ALLIER-TRI,R2025,VE000100 - Bâtiments d'exploitation,-2.484265340585235
Chézy,H66RSAL281 - U310-ALLIER-TRI,R2025,VE000102 - Taxes et redevances,-0.38570571736399595
Chézy,H66RSAL281 - U310-ALLIER-TRI,R2025,VE000103 - Assurances,-7.751780730017363
Chézy,H66RSAL281 - U310-ALLIER-TRI,R2025,VE000104 - Autres - autres coûts d'exploitation,-3.2092945742274845
Chézy,H66RSAL281 - U310-ALLIER-TRI,R2025,Marge Brute Cash,-2.5207674858045976
Chézy,H66RSAL281 - U310-ALLIER-TRI,R2025,VE000107 - Coûts COM & G&A (cash),-12.674854214901645
Chézy,H66RSAL281 - U310-ALLIER-TRI,R2025,VE000108 - Coûts Commerciaux (COM),-0.8606443873748125
Chézy,H66RSAL281 - U310-ALLIER-TRI,R2025,VE000111 - Autres coûts (Commerciaux),-0.8606443873748125
Chézy,H66RSAL281 - U310-ALLIER-TRI,R2025,VE000112 - Coûts Généraux & Administratifs (G&A),-7.784882535458163
Chézy,H66RSAL281 - U310-ALLIER-TRI,R2025,VE000115 - Autres coûts (G&A),-7.784882535458163
Chézy,H66RSAL281 - U310-ALLIER-TRI,R2025,"VE000116 - Management fees, redevances (marque, savoir-faire)",-4.029327292068669
Chézy,H66RSAL281 - U310-ALLIER-TRI,R2025,"VE000140 - Management fees, redevances (marque, savoir-faire)",-4.029327292068669
Chézy,H66RSAL281 - U310-ALLIER-TRI,R2025,EBITDA,-15.195621700706239
Chézy,H66RSAL281 - U310-ALLIER-TRI,R2025,Coûts Non Cash,-4.156444576121765
Chézy,H66RSAL281 - U310-ALLIER-TRI,R2025,VE000118 - Coûts des Ventes (non cash),-4.156444576121765
Chézy,H66RSAL281 - U310-ALLIER-TRI,R2025,VE000119 - CDV - Coûts de Personnel (non cash),-2.5218759591124886
Chézy,H66RSAL281 - U310-ALLIER-TRI,R2025,VE000141 - CDV - Coûts de Personnel (non cash),-2.5218759591124886
Chézy,H66RSAL281 - U310-ALLIER-TRI,R2025,VE000121 - CDV - Autres amortissements & Dépréciation,-1.6345686170092761
Chézy,H66RSAL281 - U310-ALLIER-TRI,R2025,VE000132 - CDV - Autres amortissements & Dépréciation,-1.6345686170092761
Chézy,H66RSAL281 - U310-ALLIER-TRI,R2025,EBIT Courant,-19.35206627682801
Chézy,H66RSAL281 - U310-ALLIER-TRI,R2025,VE000027 - Autres travaux,0.0
Chézy,H66RSAL281 - U310-ALLIER-TRI,R2025,VE000037 - Coûts d'achat de produits pour revente (Propreté),-0.01847881194137351
Chézy,H66RSAL281 - U310-ALLIER-TRI,R2025,VE000038 - Papier & carton - charges,-0.01847881194137351
Chézy,H66RSAL281 - U310-ALLIER-TRI,R2025,VE000075 - Autre sous-traitance (Construction & Travaux),0.0
Chézy,H66RSAL281 - U310-ALLIER-TRI,R2025,VE000083 - Electricité,-10.502018792113153
Chézy,H66RSAL281 - U310-ALLIER-TRI,R2025,VE000084 - Achat d'eau,-0.11543361781594148
Chézy,H66RSAL281 - U310-ALLIER-TRI,R2025,VE000086 - Réactifs,-0.09445776116486752
Chézy,H66RSAL281 - U310-ALLIER-TRI,R2025,VE000122 - CDV - Autres charges (non cash),0.0
Chézy,H66RSAL281 - U310-ALLIER-TRI,R2025,VE000137 - Autre sous-traitance (Construction & Travaux),0.0
Chézy,H66RSAL281 - U310-ALLIER-TRI,R2025,VE000139 - CDV - Autres charges (non cash),0.0
Chézy,H66RSAL281 - U310-ALLIER-TRI,R2025,VE000161 - Coûts des réactifs et des achats d'eau,-0.20989137898080898
Portes les Valences,H66RZOS282 - 9171-PORTES VA-TRI,R2023,[R0100-EW-109] Tonnes entrantes,36751.32999999999
Portes les Valences,H66RZOS282 - 9171-PORTES VA-TRI,R2023,[R1458-EW-110] Tonnage passage chaîne,0.9498925076725118
Portes les Valences,H66RZOS282 - 9171-PORTES VA-TRI,R2023,VE000001 - Chiffre d'affaires,143.00222957917447
Portes les Valences,H66RZOS282 - 9171-PORTES VA-TRI,R2023,VE000002 - Prestations de service (hors Energie et Utilités),139.96380892881976
Portes les Valences,H66RZOS282 - 9171-PORTES VA-TRI,R2023,VE000003 - Prestation de service - part fixe,129.7967698039772
Portes les Valences,H66RZOS282 - 9171-PORTES VA-TRI,R2023,VE000004 - Prestation de service - part variable,10.145315829386314
Portes les Valences,H66RZOS282 - 9171-PORTES VA-TRI,R2023,VE000005 - Autres prestations de service,0.021723295456246083
Portes les Valences,H66RZOS282 - 9171-PORTES VA-TRI,R2023,VE000015 - Ventes matières recyclées & matériaux bruts,0.028144831765272205
Portes les Valences,H66RZOS282 - 9171-PORTES VA-TRI,R2023,VE000016 - Papier & carton - produit,-0.26121503629936665
Portes les Valences,H66RZOS282 - 9171-PORTES VA-TRI,R2023,VE000017 - Métaux ferreux - produit,0.28935986806463887
Portes les Valences,H66RZOS282 - 9171-PORTES VA-TRI,R2023,VE000024 - Revenus des Travaux,3.0102758185894234
Portes les Valences,H66RZOS282 - 9171-PORTES VA-TRI,R2023,VE000026 - Travaux I4 / travaux I12,3.0102758185894234
Portes les Valences,H66RZOS282 - 9171-PORTES VA-TRI,R2023,VE000036 - Coûts des ventes cash (éléments PNE),-38.41232412541262
Portes les Valences,H66RZOS282 - 9171-PORTES VA-TRI,R2023,VE000044 - Coûts sous-traitance externe d'activité (Propreté),-38.40272991480854
Portes les Valences,H66RZOS282 - 9171-PORTES VA-TRI,R2023,VE000133 - Coûts sous-traitance externe d'activité (Propreté),-38.40272991480854
Portes les Valences,H66RZOS282 - 9171-PORTES VA-TRI,R2023,VE000048 - Coûts sous-traitance construction AFO I4 & I12,-1.1884870825348834e-16
Portes les Valences,H66RZOS282 - 9171-PORTES VA-TRI,R2023,VE000165 - Coûts sous-traitance construction AFO I4 & I12,-1.1884870825348834e-16
Portes les Valences,H66RZOS282 - 9171-PORTES VA-TRI,R2023,PNE,104.58990545376182
Portes les Valences,H66RZOS282 - 9171-PORTES VA-TRI,R2023,VE000050 - Coûts des ventes cash (hors éléments PNE),-111.99834291711355
Portes les Valences,H66RZOS282 - 9171-PORTES VA-TRI,R2023,VE000051 - Coûts de personnel,-52.83753513138166
Portes les Valences,H66RZOS282 - 9171-PORTES VA-TRI,R2023,VE000052 - Personnel exploitation - interne,-33.7469125607155
Portes les Valences,H66RZOS282 - 9171-PORTES VA-TRI,R2023,VE000053 - Personnel exploitation - externe,-8.432526115381405
Portes les Valences,H66RZOS282 - 9171-PORTES VA-TRI,R2023,VE000057 - Autres avantages sociaux,-0.9618462787605241
Portes les Valences,H66RZOS282 - 9171-PORTES VA-TRI,R2023,VE000067 - Entretien & maintenance courante (hors personnel),-10.012808516045546
Portes les Valences,H66RZOS282 - 9171-PORTES VA-TRI,R2023,VE000068 - Pièces détachées,-5.544214318230118
Portes les Valences,H66RZOS282 - 9171-PORTES VA-TRI,R2023,VE000069 - Sous-traitance - maintenance courante,-3.8669873988233907
Portes les Valences,H66RZOS282 - 9171-PORTES VA-TRI,R2023,VE000070 - Autres coûts - maintenance courante,-0.601606798992037
Portes les Valences,H66RZOS282 - 9171-PORTES VA-TRI,R2023,VE000071 - Maint. Obligatoire Programmée & renouvel. (hors pers.),-7.72307070247526
Portes les Valences,H66RZOS282 - 9171-PORTES VA-TRI,R2023,VE000072 - Equipements & pièces détachées,-3.8506007809785405
Portes les Valences,H66RZOS282 - 9171-PORTES VA-TRI,R2023,"VE000073 - Sous-traitance, maint. Oblig. Prog. & renouvel.",-3.7907498857864477
Portes les Valences,H66RZOS282 - 9171-PORTES VA-TRI,R2023,"VE000074 - Autres coûts, maint. Oblig. Prog. & renouvel.",-0.08172003571027228
Portes les Valences,H66RZOS282 - 9171-PORTES VA-TRI,R2023,VE000077 - Coût des énergies pour production & distribution,-16.930826176902993
Portes les Valences,H66RZOS282 - 9171-PORTES VA-TRI,R2023,VE000080 - Autres combustibles fossiles,-1.0265106051944246
Portes les Valences,H66RZOS282 - 9171-PORTES VA-TRI,R2023,"VE000085 - Diesel, essence",0.0
Portes les Valences,H66RZOS282 - 9171-PORTES VA-TRI,R2023,VE000088 - Autres coûts de production d'énergies,-0.08688202576614237
Portes les Valences,H66RZOS282 - 9171-PORTES VA-TRI,R2023,VE000089 - Traitement et évacuation des sous-produits,-0.04465144526742299
Portes les Valences,H66RZOS282 - 9171-PORTES VA-TRI,R2023,"VE000093 - Boues, graviers et refus de dégrillage",-0.04465144526742299
Portes les Valences,H66RZOS282 - 9171-PORTES VA-TRI,R2023,VE000097 - Autres coûts d'exploitation,-24.18424367226983
Portes les Valences,H66RZOS282 - 9171-PORTES VA-TRI,R2023,VE000098 - Laboratoire et analyses,0.3423163188924048
Portes les Valences,H66RZOS282 - 9171-PORTES VA-TRI,R2023,VE000099 - Equipements mobiles & Equipements motorisés,-4.941018461100593
Portes les Valences,H66RZOS282 - 9171-PORTES VA-TRI,R2023,VE000100 - Bâtiments d'exploitation,-1.2432053479425103
Portes les Valences,H66RZOS282 - 9171-PORTES VA-TRI,R2023,VE000102 - Taxes et redevances,-2.6901948854640096
Portes les Valences,H66RZOS282 - 9171-PORTES VA-TRI,R2023,VE000103 - Assurances,-5.020121720764937
Portes les Valences,H66RZOS282 - 9171-PORTES VA-TRI,R2023,VE000104 - Autres - autres coûts d'exploitation,-10.632019575890181
Portes les Valences,H66RZOS282 - 9171-PORTES VA-TRI,R2023,Marge Brute Cash,-7.408437463351669
Portes les Valences,H66RZOS282 - 9171-PORTES VA-TRI,R2023,VE000107 - Coûts COM & G&A (cash),-13.804999166016582
Portes les Valences,H66RZOS282 - 9171-PORTES VA-TRI,R2023,VE000108 - Coûts Commerciaux (COM),-0.6769580855985351
Portes les Valences,H66RZOS282 - 9171-PORTES VA-TRI,R2023,VE000111 - Autres coûts (Commerciaux),-0.6769580855985351
Portes les Valences,H66RZOS282 - 9171-PORTES VA-TRI,R2023,VE000112 - Coûts Généraux & Administratifs (G&A),-9.017127543411357
Portes les Valences,H66RZOS282 - 9171-PORTES VA-TRI,R2023,VE000115 - Autres coûts (G&A),-9.017127543411357
Portes les Valences,H66RZOS282 - 9171-PORTES VA-TRI,R2023,"VE000116 - Management fees, redevances (marque, savoir-faire)",-4.11091353700669
Portes les Valences,H66RZOS282 - 9171-PORTES VA-TRI,R2023,"VE000140 - Management fees, redevances (marque, savoir-faire)",-4.11091353700669
Portes les Valences,H66RZOS282 - 9171-PORTES VA-TRI,R2023,EBITDA,-21.213436629368246
Portes les Valences,H66RZOS282 - 9171-PORTES VA-TRI,R2023,Coûts Non Cash,-0.27299529023847857
Portes les Valences,H66RZOS282 - 9171-PORTES VA-TRI,R2023,VE000118 - Coûts des Ventes (non cash),-0.27299529023847857
Portes les Valences,H66RZOS282 - 9171-PORTES VA-TRI,R2023,VE000119 - CDV - Coûts de Personnel (non cash),0.41035249608653634
Portes les Valences,H66RZOS282 - 9171-PORTES VA-TRI,R2023,VE000141 - CDV - Coûts de Personnel (non cash),0.41035249608653634
Portes les Valences,H66RZOS282 - 9171-PORTES VA-TRI,R2023,VE000121 - CDV - Autres amortissements & Dépréciation,-0.6833477863250149
Portes les Valences,H66RZOS282 - 9171-PORTES VA-TRI,R2023,VE000132 - CDV - Autres amortissements & Dépréciation,-0.6833477863250149
Portes les Valences,H66RZOS282 - 9171-PORTES VA-TRI,R2023,EBIT Courant,-21.486431919606726
Portes les Valences,H66RZOS282 - 9171-PORTES VA-TRI,R2023,VE000018 - Métaux non-ferreux - produit,0.0
Portes les Valences,H66RZOS282 - 9171-PORTES VA-TRI,R2023,VE000037 - Coûts d'achat de produits pour revente (Propreté),-0.009594210604078815
Portes les Valences,H66RZOS282 - 9171-PORTES VA-TRI,R2023,VE000038 - Papier & carton - charges,-0.009594210604078815
Portes les Valences,H66RZOS282 - 9171-PORTES VA-TRI,R2023,VE000054 - Personnel maintenance - interne,-7.694685063098398
Portes les Valences,H66RZOS282 - 9171-PORTES VA-TRI,R2023,VE000055 - Personnel maintenance - externe,-2.001565113425828
Portes les Valences,H66RZOS282 - 9171-PORTES VA-TRI,R2023,VE000075 - Autre sous-traitance (Construction & Travaux),-0.13629901285205193
Portes les Valences,H66RZOS282 - 9171-PORTES VA-TRI,R2023,VE000083 - Electricité,-15.817433545942423
Portes les Valences,H66RZOS282 - 9171-PORTES VA-TRI,R2023,VE000084 - Achat d'eau,-0.0066106451113469925
Portes les Valences,H66RZOS282 - 9171-PORTES VA-TRI,R2023,VE000086 - Réactifs,-0.12229761480740972
Portes les Valences,H66RZOS282 - 9171-PORTES VA-TRI,R2023,VE000137 - Autre sous-traitance (Construction & Travaux),-0.13629901285205193
Portes les Valences,H66RZOS282 - 9171-PORTES VA-TRI,R2023,VE000161 - Coûts des réactifs et des achats d'eau,-0.1289082599187567
Portes les Valences,H66RZOS282 - 9171-PORTES VA-TRI,R2024,[R0100-EW-109] Tonnes entrantes,36711.834
Portes les Valences,H66RZOS282 - 9171-PORTES VA-TRI,R2024,[R1458-EW-110] Tonnage passage chaîne,1.0093296381215933
Portes les Valences,H66RZOS282 - 9171-PORTES VA-TRI,R2024,VE000001 - Chiffre d'affaires,137.75751600968772
Portes les Valences,H66RZOS282 - 9171-PORTES VA-TRI,R2024,VE000002 - Prestations de service (hors Energie et Utilités),136.68251060407383
Portes les Valences,H66RZOS282 - 9171-PORTES VA-TRI,R2024,VE000003 - Prestation de service - part fixe,136.9009622346843
Portes les Valences,H66RZOS282 - 9171-PORTES VA-TRI,R2024,VE000004 - Prestation de service - part variable,-0.2647347991386092
Portes les Valences,H66RZOS282 - 9171-PORTES VA-TRI,R2024,VE000005 - Autres prestations de service,0.04628316852816451
Portes les Valences,H66RZOS282 - 9171-PORTES VA-TRI,R2024,VE000015 - Ventes matières recyclées & matériaux bruts,0.2598731515292861
Portes les Valences,H66RZOS282 - 9171-PORTES VA-TRI,R2024,VE000016 - Papier & carton - produit,0.0
Portes les Valences,H66RZOS282 - 9171-PORTES VA-TRI,R2024,VE000017 - Métaux ferreux - produit,0.2598731515292861
Portes les Valences,H66RZOS282 - 9171-PORTES VA-TRI,R2024,VE000024 - Revenus des Travaux,0.8151322540846093
Portes les Valences,H66RZOS282 - 9171-PORTES VA-TRI,R2024,VE000026 - Travaux I4 / travaux I12,0.8151322540846093
Portes les Valences,H66RZOS282 - 9171-PORTES VA-TRI,R2024,VE000036 - Coûts des ventes cash (éléments PNE),-41.306036358739256
Portes les Valences,H66RZOS282 - 9171-PORTES VA-TRI,R2024,VE000044 - Coûts sous-traitance externe d'activité (Propreté),-40.3559348192738
Portes les Valences,H66RZOS282 - 9171-PORTES VA-TRI,R2024,VE000133 - Coûts sous-traitance externe d'activité (Propreté),-40.3559348192738
Portes les Valences,H66RZOS282 - 9171-PORTES VA-TRI,R2024,VE000048 - Coûts sous-traitance construction AFO I4 & I12,-0.626500980582991
Portes les Valences,H66RZOS282 - 9171-PORTES VA-TRI,R2024,VE000165 - Coûts sous-traitance construction AFO I4 & I12,-0.626500980582991
Portes les Valences,H66RZOS282 - 9171-PORTES VA-TRI,R2024,PNE,96.45147965094849
Portes les Valences,H66RZOS282 - 9171-PORTES VA-TRI,R2024,VE000050 - Coûts des ventes cash (hors éléments PNE),-105.15024337928742
Portes les Valences,H66RZOS282 - 9171-PORTES VA-TRI,R2024,VE000051 - Coûts de personnel,-56.21112309453131
Portes les Valences,H66RZOS282 - 9171-PORTES VA-TRI,R2024,VE000052 - Personnel exploitation - interne,-37.560108002231644
Portes les Valences,H66RZOS282 - 9171-PORTES VA-TRI,R2024,VE000053 - Personnel exploitation - externe,-8.40168213878936
Portes les Valences,H66RZOS282 - 9171-PORTES VA-TRI,R2024,VE000057 - Autres avantages sociaux,-0.8475580380974701
Portes les Valences,H66RZOS282 - 9171-PORTES VA-TRI,R2024,VE000067 - Entretien & maintenance courante (hors personnel),-5.604847199951928
Portes les Valences,H66RZOS282 - 9171-PORTES VA-TRI,R2024,VE000068 - Pièces détachées,-2.9209663020376477
Portes les Valences,H66RZOS282 - 9171-PORTES VA-TRI,R2024,VE000069 - Sous-traitance - maintenance courante,-2.0027844427494417
Portes les Valences,H66RZOS282 - 9171-PORTES VA-TRI,R2024,VE000070 - Autres coûts - maintenance courante,-0.6810964551648386
Portes les Valences,H66RZOS282 - 9171-PORTES VA-TRI,R2024,VE000071 - Maint. Obligatoire Programmée & renouvel. (hors pers.),-10.935868799145256
Portes les Valences,H66RZOS282 - 9171-PORTES VA-TRI,R2024,VE000072 - Equipements & pièces détachées,-2.409749673633848
Portes les Valences,H66RZOS282 - 9171-PORTES VA-TRI,R2024,"VE000073 - Sous-traitance, maint. Oblig. Prog. & renouvel.",-8.429434225487073
Portes les Valences,H66RZOS282 - 9171-PORTES VA-TRI,R2024,"VE000074 - Autres coûts, maint. Oblig. Prog. & renouvel.",-0.09668490002433547
Portes les Valences,H66RZOS282 - 9171-PORTES VA-TRI,R2024,VE000077 - Coût des énergies pour production & distribution,-14.926006148317185
Portes les Valences,H66RZOS282 - 9171-PORTES VA-TRI,R2024,VE000080 - Autres combustibles fossiles,-0.9492170835159038
Portes les Valences,H66RZOS282 - 9171-PORTES VA-TRI,R2024,"VE000085 - Diesel, essence",-0.023525928996083387
Portes les Valences,H66RZOS282 - 9171-PORTES VA-TRI,R2024,VE000088 - Autres coûts de production d'énergies,0.06780974222099609
Portes les Valences,H66RZOS282 - 9171-PORTES VA-TRI,R2024,VE000089 - Traitement et évacuation des sous-produits,-0.10187450727740814
Portes les Valences,H66RZOS282 - 9171-PORTES VA-TRI,R2024,"VE000093 - Boues, graviers et refus de dégrillage",-0.10187450727740814
Portes les Valences,H66RZOS282 - 9171-PORTES VA-TRI,R2024,VE000097 - Autres coûts d'exploitation,-17.182050616158268
Portes les Valences,H66RZOS282 - 9171-PORTES VA-TRI,R2024,VE000098 - Laboratoire et analyses,-0.1455443495413495
Portes les Valences,H66RZOS282 - 9171-PORTES VA-TRI,R2024,VE000099 - Equipements mobiles & Equipements motorisés,-3.4966357169734423
Portes les Valences,H66RZOS282 - 9171-PORTES VA-TRI,R2024,VE000100 - Bâtiments d'exploitation,-1.9697787367419453
Portes les Valences,H66RZOS282 - 9171-PORTES VA-TRI,R2024,VE000102 - Taxes et redevances,-2.8635662821966346
Portes les Valences,H66RZOS282 - 9171-PORTES VA-TRI,R2024,VE000103 - Assurances,-5.380449802644018
Portes les Valences,H66RZOS282 - 9171-PORTES VA-TRI,R2024,VE000104 - Autres - autres coûts d'exploitation,-3.326075728060875
Portes les Valences,H66RZOS282 - 9171-PORTES VA-TRI,R2024,Marge Brute Cash,-8.698763728338962
Portes les Valences,H66RZOS282 - 9171-PORTES VA-TRI,R2024,VE000107 - Coûts COM & G&A (cash),-13.666934209824547
Portes les Valences,H66RZOS282 - 9171-PORTES VA-TRI,R2024,VE000108 - Coûts Commerciaux (COM),-0.692393085019942
Portes les Valences,H66RZOS282 - 9171-PORTES VA-TRI,R2024,VE000111 - Autres coûts (Commerciaux),-0.692393085019942
Portes les Valences,H66RZOS282 - 9171-PORTES VA-TRI,R2024,VE000112 - Coûts Généraux & Administratifs (G&A),-8.207758838743931
Portes les Valences,H66RZOS282 - 9171-PORTES VA-TRI,R2024,VE000115 - Autres coûts (G&A),-8.207758838743931
Portes les Valences,H66RZOS282 - 9171-PORTES VA-TRI,R2024,"VE000116 - Management fees, redevances (marque, savoir-faire)",-4.766782286060675
Portes les Valences,H66RZOS282 - 9171-PORTES VA-TRI,R2024,"VE000140 - Management fees, redevances (marque, savoir-faire)",-4.766782286060675
Portes les Valences,H66RZOS282 - 9171-PORTES VA-TRI,R2024,EBITDA,-22.36569793816351
Portes les Valences,H66RZOS282 - 9171-PORTES VA-TRI,R2024,Coûts Non Cash,-1.1590238177694963
Portes les Valences,H66RZOS282 - 9171-PORTES VA-TRI,R2024,VE000118 - Coûts des Ventes (non cash),-1.1590238177694963
Portes les Valences,H66RZOS282 - 9171-PORTES VA-TRI,R2024,VE000119 - CDV - Coûts de Personnel (non cash),-0.23924138467176548
Portes les Valences,H66RZOS282 - 9171-PORTES VA-TRI,R2024,VE000141 - CDV - Coûts de Personnel (non cash),-0.23924138467176548
Portes les Valences,H66RZOS282 - 9171-PORTES VA-TRI,R2024,VE000121 - CDV - Autres amortissements & Dépréciation,-0.9197824330977308
Portes les Valences,H66RZOS282 - 9171-PORTES VA-TRI,R2024,VE000132 - CDV - Autres amortissements & Dépréciation,-0.9197824330977308
Portes les Valences,H66RZOS282 - 9171-PORTES VA-TRI,R2024,EBIT Courant,-23.524721755933005
Portes les Valences,H66RZOS282 - 9171-PORTES VA-TRI,R2024,VE000018 - Métaux non-ferreux - produit,0.0
Portes les Valences,H66RZOS282 - 9171-PORTES VA-TRI,R2024,VE000037 - Coûts d'achat de produits pour revente (Propreté),-0.3236005588824573
Portes les Valences,H66RZOS282 - 9171-PORTES VA-TRI,R2024,VE000038 - Papier & carton - charges,-0.3236005588824573
Portes les Valences,H66RZOS282 - 9171-PORTES VA-TRI,R2024,VE000054 - Personnel maintenance - interne,-8.328134192369687
Portes les Valences,H66RZOS282 - 9171-PORTES VA-TRI,R2024,VE000055 - Personnel maintenance - externe,-1.0736407230431473
Portes les Valences,H66RZOS282 - 9171-PORTES VA-TRI,R2024,VE000075 - Autre sous-traitance (Construction & Travaux),0.0
Portes les Valences,H66RZOS282 - 9171-PORTES VA-TRI,R2024,VE000083 - Electricité,-14.021072878026192
Portes les Valences,H66RZOS282 - 9171-PORTES VA-TRI,R2024,VE000084 - Achat d'eau,-0.09966568273325706
Portes les Valences,H66RZOS282 - 9171-PORTES VA-TRI,R2024,VE000086 - Réactifs,-0.08880733117283109
Portes les Valences,H66RZOS282 - 9171-PORTES VA-TRI,R2024,VE000137 - Autre sous-traitance (Construction & Travaux),0.0
Portes les Valences,H66RZOS282 - 9171-PORTES VA-TRI,R2024,VE000161 - Coûts des réactifs et des achats d'eau,-0.18847301390608814
Portes les Valences,H66RZOS282 - 9171-PORTES VA-TRI,R2025,[R0100-EW-109] Tonnes entrantes,37799.433
Portes les Valences,H66RZOS282 - 9171-PORTES VA-TRI,R2025,[R1458-EW-110] Tonnage passage chaîne,1.0132594507235069
Portes les Valences,H66RZOS282 - 9171-PORTES VA-TRI,R2025,VE000001 - Chiffre d'affaires,159.99044483021746
Portes les Valences,H66RZOS282 - 9171-PORTES VA-TRI,R2025,VE000002 - Prestations de service (hors Energie et Utilités),159.69877855046136
Portes les Valences,H66RZOS282 - 9171-PORTES VA-TRI,R2025,VE000003 - Prestation de service - part fixe,156.66013138345227
Portes les Valences,H66RZOS282 - 9171-PORTES VA-TRI,R2025,VE000004 - Prestation de service - part variable,2.0865223031255518
Portes les Valences,H66RZOS282 - 9171-PORTES VA-TRI,R2025,VE000005 - Autres prestations de service,0.9521248638835403
Portes les Valences,H66RZOS282 - 9171-PORTES VA-TRI,R2025,VE000015 - Ventes matières recyclées & matériaux bruts,0.1632749358965252
Portes les Valences,H66RZOS282 - 9171-PORTES VA-TRI,R2025,VE000016 - Papier & carton - produit,0.0
Portes les Valences,H66RZOS282 - 9171-PORTES VA-TRI,R2025,VE000017 - Métaux ferreux - produit,0.1632749358965252
Portes les Valences,H66RZOS282 - 9171-PORTES VA-TRI,R2025,VE000024 - Revenus des Travaux,0.12839134385957587
Portes les Valences,H66RZOS282 - 9171-PORTES VA-TRI,R2025,VE000026 - Travaux I4 / travaux I12,0.12839134385957587
Portes les Valences,H66RZOS282 - 9171-PORTES VA-TRI,R2025,VE000036 - Coûts des ventes cash (éléments PNE),-43.27231416407754
Portes les Valences,H66RZOS282 - 9171-PORTES VA-TRI,R2025,VE000044 - Coûts sous-traitance externe d'activité (Propreté),-43.145073366576696
Portes les Valences,H66RZOS282 - 9171-PORTES VA-TRI,R2025,VE000133 - Coûts sous-traitance externe d'activité (Propreté),-43.145073366576696
Portes les Valences,H66RZOS282 - 9171-PORTES VA-TRI,R2025,VE000048 - Coûts sous-traitance construction AFO I4 & I12,4.5114501210222915e-18
Portes les Valences,H66RZOS282 - 9171-PORTES VA-TRI,R2025,VE000165 - Coûts sous-traitance construction AFO I4 & I12,4.5114501210222915e-18
Portes les Valences,H66RZOS282 - 9171-PORTES VA-TRI,R2025,PNE,116.71813066613987
Portes les Valences,H66RZOS282 - 9171-PORTES VA-TRI,R2025,VE000050 - Coûts des ventes cash (hors éléments PNE),-102.31957262427723
Portes les Valences,H66RZOS282 - 9171-PORTES VA-TRI,R2025,VE000051 - Coûts de personnel,-55.108338265285624
Portes les Valences,H66RZOS282 - 9171-PORTES VA-TRI,R2025,VE000052 - Personnel exploitation - interne,-38.444834609027076
Portes les Valences,H66RZOS282 - 9171-PORTES VA-TRI,R2025,VE000053 - Personnel exploitation - externe,-6.78614491386683
Portes les Valences,H66RZOS282 - 9171-PORTES VA-TRI,R2025,VE000057 - Autres avantages sociaux,-1.3298360851074145
Portes les Valences,H66RZOS282 - 9171-PORTES VA-TRI,R2025,VE000067 - Entretien & maintenance courante (hors personnel),-2.529359104407731
Portes les Valences,H66RZOS282 - 9171-PORTES VA-TRI,R2025,VE000068 - Pièces détachées,-2.857048146727492
Portes les Valences,H66RZOS282 - 9171-PORTES VA-TRI,R2025,VE000069 - Sous-traitance - maintenance courante,1.0192467701830343
Portes les Valences,H66RZOS282 - 9171-PORTES VA-TRI,R2025,VE000070 - Autres coûts - maintenance courante,-0.6915577278632725
Portes les Valences,H66RZOS282 - 9171-PORTES VA-TRI,R2025,VE000071 - Maint. Obligatoire Programmée & renouvel. (hors pers.),-12.123251160936727
Portes les Valences,H66RZOS282 - 9171-PORTES VA-TRI,R2025,VE000072 - Equipements & pièces détachées,-6.614354506322886
Portes les Valences,H66RZOS282 - 9171-PORTES VA-TRI,R2025,"VE000073 - Sous-traitance, maint. Oblig. Prog. & renouvel.",-5.273443387365097
Portes les Valences,H66RZOS282 - 9171-PORTES VA-TRI,R2025,"VE000074 - Autres coûts, maint. Oblig. Prog. & renouvel.",-0.23545326724874419
Portes les Valences,H66RZOS282 - 9171-PORTES VA-TRI,R2025,VE000077 - Coût des énergies pour production & distribution,-11.466125431034905
Portes les Valences,H66RZOS282 - 9171-PORTES VA-TRI,R2025,VE000080 - Autres combustibles fossiles,-1.0231457704669804
Portes les Valences,H66RZOS282 - 9171-PORTES VA-TRI,R2025,"VE000085 - Diesel, essence",-0.07376274665284004
Portes les Valences,H66RZOS282 - 9171-PORTES VA-TRI,R2025,VE000088 - Autres coûts de production d'énergies,-0.0023442150574057553
Portes les Valences,H66RZOS282 - 9171-PORTES VA-TRI,R2025,VE000089 - Traitement et évacuation des sous-produits,0.0
Portes les Valences,H66RZOS282 - 9171-PORTES VA-TRI,R2025,"VE000093 - Boues, graviers et refus de dégrillage",0.0
Portes les Valences,H66RZOS282 - 9171-PORTES VA-TRI,R2025,VE000097 - Autres coûts d'exploitation,-20.718027701632455
Portes les Valences,H66RZOS282 - 9171-PORTES VA-TRI,R2025,VE000098 - Laboratoire et analyses,-0.3338468066438986
Portes les Valences,H66RZOS282 - 9171-PORTES VA-TRI,R2025,VE000099 - Equipements mobiles & Equipements motorisés,-3.5847632952589525
Portes les Valences,H66RZOS282 - 9171-PORTES VA-TRI,R2025,VE000100 - Bâtiments d'exploitation,-1.6066666925929816
Portes les Valences,H66RZOS282 - 9171-PORTES VA-TRI,R2025,VE000102 - Taxes et redevances,-7.098159382443648
Portes les Valences,H66RZOS282 - 9171-PORTES VA-TRI,R2025,VE000103 - Assurances,-6.181456478460934
Portes les Valences,H66RZOS282 - 9171-PORTES VA-TRI,R2025,VE000104 - Autres - autres coûts d'exploitation,-1.9131350462320427
Portes les Valences,H66RZOS282 - 9171-PORTES VA-TRI,R2025,Marge Brute Cash,14.398558041862682
Portes les Valences,H66RZOS282 - 9171-PORTES VA-TRI,R2025,VE000107 - Coûts COM & G&A (cash),-15.141442994660796
Portes les Valences,H66RZOS282 - 9171-PORTES VA-TRI,R2025,VE000108 - Coûts Commerciaux (COM),-1.0281299722141337
Portes les Valences,H66RZOS282 - 9171-PORTES VA-TRI,R2025,VE000111 - Autres coûts (Commerciaux),-1.0281299722141337
Portes les Valences,H66RZOS282 - 9171-PORTES VA-TRI,R2025,VE000112 - Coûts Généraux & Administratifs (G&A),-9.29985854549723
Portes les Valences,H66RZOS282 - 9171-PORTES VA-TRI,R2025,VE000115 - Autres coûts (G&A),-9.29985854549723
Portes les Valences,H66RZOS282 - 9171-PORTES VA-TRI,R2025,"VE000116 - Management fees, redevances (marque, savoir-faire)",-4.81345447694943
Portes les Valences,H66RZOS282 - 9171-PORTES VA-TRI,R2025,"VE000140 - Management fees, redevances (marque, savoir-faire)",-4.81345447694943
Portes les Valences,H66RZOS282 - 9171-PORTES VA-TRI,R2025,EBITDA,-0.7428849527981055
Portes les Valences,H66RZOS282 - 9171-PORTES VA-TRI,R2025,Coûts Non Cash,-1.1421502010360844
Portes les Valences,H66RZOS282 - 9171-PORTES VA-TRI,R2025,VE000118 - Coûts des Ventes (non cash),-1.1421502010360844
Portes les Valences,H66RZOS282 - 9171-PORTES VA-TRI,R2025,VE000119 - CDV - Coûts de Personnel (non cash),0.03163962803357392
Portes les Valences,H66RZOS282 - 9171-PORTES VA-TRI,R2025,VE000141 - CDV - Coûts de Personnel (non cash),0.03163962803357392
Portes les Valences,H66RZOS282 - 9171-PORTES VA-TRI,R2025,VE000121 - CDV - Autres amortissements & Dépréciation,-1.1737898290696582
Portes les Valences,H66RZOS282 - 9171-PORTES VA-TRI,R2025,VE000132 - CDV - Autres amortissements & Dépréciation,-1.1737898290696582
Portes les Valences,H66RZOS282 - 9171-PORTES VA-TRI,R2025,EBIT Courant,-1.8850351538341994
Portes les Valences,H66RZOS282 - 9171-PORTES VA-TRI,R2025,VE000018 - Métaux non-ferreux - produit,0.0
Portes les Valences,H66RZOS282 - 9171-PORTES VA-TRI,R2025,VE000037 - Coûts d'achat de produits pour revente (Propreté),-0.12724079750085138
Portes les Valences,H66RZOS282 - 9171-PORTES VA-TRI,R2025,VE000038 - Papier & carton - charges,-0.12724079750085138
Portes les Valences,H66RZOS282 - 9171-PORTES VA-TRI,R2025,VE000054 - Personnel maintenance - interne,-8.235239666161132
Portes les Valences,H66RZOS282 - 9171-PORTES VA-TRI,R2025,VE000055 - Personnel maintenance - externe,-0.31228299112317376
Portes les Valences,H66RZOS282 - 9171-PORTES VA-TRI,R2025,VE000075 - Autre sous-traitance (Construction & Travaux),-0.027259403600048714
Portes les Valences,H66RZOS282 - 9171-PORTES VA-TRI,R2025,VE000083 - Electricité,-10.366872698857678
Portes les Valences,H66RZOS282 - 9171-PORTES VA-TRI,R2025,VE000084 - Achat d'eau,-0.24168325487845282
Portes les Valences,H66RZOS282 - 9171-PORTES VA-TRI,R2025,VE000086 - Réactifs,-0.1055283025012571
Portes les Valences,H66RZOS282 - 9171-PORTES VA-TRI,R2025,VE000137 - Autre sous-traitance (Construction & Travaux),-0.027259403600048714
Portes les Valences,H66RZOS282 - 9171-PORTES VA-TRI,R2025,VE000161 - Coûts des réactifs et des achats d'eau,-0.34721155737970993
Montpellier,H66SSMT283 - U446-DEMETER-TRI,R2023,[R0100-EW-109] Tonnes entrantes,30138.379
Montpellier,H66SSMT283 - U446-DEMETER-TRI,R2023,[R1458-EW-110] Tonnage passage chaîne,0.894610692945032
Montpellier,H66SSMT283 - U446-DEMETER-TRI,R2023,VE000001 - Chiffre d'affaires,156.76369455702974
Montpellier,H66SSMT283 - U446-DEMETER-TRI,R2023,VE000002 - Prestations de service (hors Energie et Utilités),156.78832992311894
Montpellier,H66SSMT283 - U446-DEMETER-TRI,R2023,VE000003 - Prestation de service - part fixe,150.34872943896548
Montpellier,H66SSMT283 - U446-DEMETER-TRI,R2023,VE000005 - Autres prestations de service,6.439600484153444
Montpellier,H66SSMT283 - U446-DEMETER-TRI,R2023,VE000015 - Ventes matières recyclées & matériaux bruts,0.0
Montpellier,H66SSMT283 - U446-DEMETER-TRI,R2023,VE000017 - Métaux ferreux - produit,0.0
Montpellier,H66SSMT283 - U446-DEMETER-TRI,R2023,VE000024 - Revenus des Travaux,-0.024635366089198096
Montpellier,H66SSMT283 - U446-DEMETER-TRI,R2023,VE000036 - Coûts des ventes cash (éléments PNE),-12.665398825862534
Montpellier,H66SSMT283 - U446-DEMETER-TRI,R2023,VE000044 - Coûts sous-traitance externe d'activité (Propreté),-12.665398825862534
Montpellier,H66SSMT283 - U446-DEMETER-TRI,R2023,VE000133 - Coûts sous-traitance externe d'activité (Propreté),-12.665398825862534
Montpellier,H66SSMT283 - U446-DEMETER-TRI,R2023,PNE,144.0982957311672
Montpellier,H66SSMT283 - U446-DEMETER-TRI,R2023,VE000050 - Coûts des ventes cash (hors éléments PNE),-157.34295630166446
Montpellier,H66SSMT283 - U446-DEMETER-TRI,R2023,VE000051 - Coûts de personnel,-105.61912072311519
Montpellier,H66SSMT283 - U446-DEMETER-TRI,R2023,VE000052 - Personnel exploitation - interne,-70.66265076831107
Montpellier,H66SSMT283 - U446-DEMETER-TRI,R2023,VE000053 - Personnel exploitation - externe,-25.888077789452446
Montpellier,H66SSMT283 - U446-DEMETER-TRI,R2023,VE000057 - Autres avantages sociaux,-1.8740593181869538
Montpellier,H66SSMT283 - U446-DEMETER-TRI,R2023,VE000067 - Entretien & maintenance courante (hors personnel),-5.307495801283805
Montpellier,H66SSMT283 - U446-DEMETER-TRI,R2023,VE000068 - Pièces détachées,-4.367476432624329
Montpellier,H66SSMT283 - U446-DEMETER-TRI,R2023,VE000069 - Sous-traitance - maintenance courante,-2.8862909315726633
Montpellier,H66SSMT283 - U446-DEMETER-TRI,R2023,VE000070 - Autres coûts - maintenance courante,1.946271562913188
Montpellier,H66SSMT283 - U446-DEMETER-TRI,R2023,VE000071 - Maint. Obligatoire Programmée & renouvel. (hors pers.),-4.85348797292648
Montpellier,H66SSMT283 - U446-DEMETER-TRI,R2023,VE000072 - Equipements & pièces détachées,-2.3979657300082398
Montpellier,H66SSMT283 - U446-DEMETER-TRI,R2023,"VE000073 - Sous-traitance, maint. Oblig. Prog. & renouvel.",-2.4262180789484393
Montpellier,H66SSMT283 - U446-DEMETER-TRI,R2023,"VE000074 - Autres coûts, maint. Oblig. Prog. & renouvel.",-0.02930416396980076
Montpellier,H66SSMT283 - U446-DEMETER-TRI,R2023,VE000077 - Coût des énergies pour production & distribution,-13.95653296416506
Montpellier,H66SSMT283 - U446-DEMETER-TRI,R2023,VE000080 - Autres combustibles fossiles,-1.4630707245402947
Montpellier,H66SSMT283 - U446-DEMETER-TRI,R2023,"VE000085 - Diesel, essence",-0.24707599569306626
Montpellier,H66SSMT283 - U446-DEMETER-TRI,R2023,VE000088 - Autres coûts de production d'énergies,-0.0008879044224641279
Montpellier,H66SSMT283 - U446-DEMETER-TRI,R2023,VE000089 - Traitement et évacuation des sous-produits,-0.004969743064150862
Montpellier,H66SSMT283 - U446-DEMETER-TRI,R2023,"VE000093 - Boues, graviers et refus de dégrillage",-0.004969743064150862
Montpellier,H66SSMT283 - U446-DEMETER-TRI,R2023,VE000097 - Autres coûts d'exploitation,-27.379138075076966
Montpellier,H66SSMT283 - U446-DEMETER-TRI,R2023,VE000098 - Laboratoire et analyses,-0.17509236312941714
Montpellier,H66SSMT283 - U446-DEMETER-TRI,R2023,VE000099 - Equipements mobiles & Equipements motorisés,-4.074712180107629
Montpellier,H66SSMT283 - U446-DEMETER-TRI,R2023,VE000100 - Bâtiments d'exploitation,-3.56912327633812
Montpellier,H66SSMT283 - U446-DEMETER-TRI,R2023,VE000102 - Taxes et redevances,-0.22774184371362508
Montpellier,H66SSMT283 - U446-DEMETER-TRI,R2023,VE000103 - Assurances,-3.8400449473410627
Montpellier,H66SSMT283 - U446-DEMETER-TRI,R2023,VE000104 - Autres - autres coûts d'exploitation,-15.492423464447109
Montpellier,H66SSMT283 - U446-DEMETER-TRI,R2023,Marge Brute Cash,-13.244660570497171
Montpellier,H66SSMT283 - U446-DEMETER-TRI,R2023,VE000107 - Coûts COM & G&A (cash),-14.195819887990657
Montpellier,H66SSMT283 - U446-DEMETER-TRI,R2023,VE000112 - Coûts Généraux & Administratifs (G&A),-14.195819887990657
Montpellier,H66SSMT283 - U446-DEMETER-TRI,R2023,VE000115 - Autres coûts (G&A),-14.195819887990657
Montpellier,H66SSMT283 - U446-DEMETER-TRI,R2023,EBITDA,-27.440480458487826
Montpellier,H66SSMT283 - U446-DEMETER-TRI,R2023,Coûts Non Cash,-3.535564404442588
Montpellier,H66SSMT283 - U446-DEMETER-TRI,R2023,VE000118 - Coûts des Ventes (non cash),-3.535564404442588
Montpellier,H66SSMT283 - U446-DEMETER-TRI,R2023,VE000119 - CDV - Coûts de Personnel (non cash),-0.2667031295876928
Montpellier,H66SSMT283 - U446-DEMETER-TRI,R2023,VE000141 - CDV - Coûts de Personnel (non cash),-0.2667031295876928
Montpellier,H66SSMT283 - U446-DEMETER-TRI,R2023,VE000121 - CDV - Autres amortissements & Dépréciation,-3.2783176560358473
Montpellier,H66SSMT283 - U446-DEMETER-TRI,R2023,VE000132 - CDV - Autres amortissements & Dépréciation,-3.2783176560358473
Montpellier,H66SSMT283 - U446-DEMETER-TRI,R2023,EBIT Courant,-30.976044862930415
Montpellier,H66SSMT283 - U446-DEMETER-TRI,R2023,VE000027 - Autres travaux,-0.024635366089198096
Montpellier,H66SSMT283 - U446-DEMETER-TRI,R2023,VE000054 - Personnel maintenance - interne,-6.217880862139268
Montpellier,H66SSMT283 - U446-DEMETER-TRI,R2023,VE000055 - Personnel maintenance - externe,-0.976451985025472
Montpellier,H66SSMT283 - U446-DEMETER-TRI,R2023,VE000075 - Autre sous-traitance (Construction & Travaux),0.0
Montpellier,H66SSMT283 - U446-DEMETER-TRI,R2023,VE000083 - Electricité,-12.245498339509234
Montpellier,H66SSMT283 - U446-DEMETER-TRI,R2023,VE000084 - Achat d'eau,-0.19908170907267442
Montpellier,H66SSMT283 - U446-DEMETER-TRI,R2023,VE000086 - Réactifs,-0.02312931296006331
Montpellier,H66SSMT283 - U446-DEMETER-TRI,R2023,VE000122 - CDV - Autres charges (non cash),0.009456381180952034
Montpellier,H66SSMT283 - U446-DEMETER-TRI,R2023,VE000137 - Autre sous-traitance (Construction & Travaux),0.0
Montpellier,H66SSMT283 - U446-DEMETER-TRI,R2023,VE000139 - CDV - Autres charges (non cash),0.009456381180952034
Montpellier,H66SSMT283 - U446-DEMETER-TRI,R2023,VE000161 - Coûts des réactifs et des achats d'eau,-0.2222110220327377
Montpellier,H66SSMT283 - U446-DEMETER-TRI,R2024,[R0100-EW-109] Tonnes entrantes,28881.502
Montpellier,H66SSMT283 - U446-DEMETER-TRI,R2024,[R1458-EW-110] Tonnage passage chaîne,0.9460039249343749
Montpellier,H66SSMT283 - U446-DEMETER-TRI,R2024,VE000001 - Chiffre d'affaires,181.26447059436174
Montpellier,H66SSMT283 - U446-DEMETER-TRI,R2024,VE000002 - Prestations de service (hors Energie et Utilités),181.2014752556844
Montpellier,H66SSMT283 - U446-DEMETER-TRI,R2024,VE000003 - Prestation de service - part fixe,169.4767855217502
Montpellier,H66SSMT283 - U446-DEMETER-TRI,R2024,VE000005 - Autres prestations de service,11.724689733934198
Montpellier,H66SSMT283 - U446-DEMETER-TRI,R2024,VE000015 - Ventes matières recyclées & matériaux bruts,0.06299533867733056
Montpellier,H66SSMT283 - U446-DEMETER-TRI,R2024,VE000017 - Métaux ferreux - produit,0.06299533867733056
Montpellier,H66SSMT283 - U446-DEMETER-TRI,R2024,VE000024 - Revenus des Travaux,0.0
Montpellier,H66SSMT283 - U446-DEMETER-TRI,R2024,VE000036 - Coûts des ventes cash (éléments PNE),-21.90357655221671
Montpellier,H66SSMT283 - U446-DEMETER-TRI,R2024,VE000044 - Coûts sous-traitance externe d'activité (Propreté),-21.90357655221671
Montpellier,H66SSMT283 - U446-DEMETER-TRI,R2024,VE000133 - Coûts sous-traitance externe d'activité (Propreté),-21.90357655221671
Montpellier,H66SSMT283 - U446-DEMETER-TRI,R2024,PNE,159.36089404214505
Montpellier,H66SSMT283 - U446-DEMETER-TRI,R2024,VE000050 - Coûts des ventes cash (hors éléments PNE),-185.71683529478494
Montpellier,H66SSMT283 - U446-DEMETER-TRI,R2024,VE000051 - Coûts de personnel,-119.6225539101118
Montpellier,H66SSMT283 - U446-DEMETER-TRI,R2024,VE000052 - Personnel exploitation - interne,-77.54300555421256
Montpellier,H66SSMT283 - U446-DEMETER-TRI,R2024,VE000053 - Personnel exploitation - externe,-29.07226639390154
Montpellier,H66SSMT283 - U446-DEMETER-TRI,R2024,VE000057 - Autres avantages sociaux,-3.225539655105196
Montpellier,H66SSMT283 - U446-DEMETER-TRI,R2024,VE000067 - Entretien & maintenance courante (hors personnel),-5.138500068313622
Montpellier,H66SSMT283 - U446-DEMETER-TRI,R2024,VE000068 - Pièces détachées,-4.678396227453821
Montpellier,H66SSMT283 - U446-DEMETER-TRI,R2024,VE000069 - Sous-traitance - maintenance courante,-0.7953502556757612
Montpellier,H66SSMT283 - U446-DEMETER-TRI,R2024,VE000070 - Autres coûts - maintenance courante,0.3352464148159607
Montpellier,H66SSMT283 - U446-DEMETER-TRI,R2024,VE000071 - Maint. Obligatoire Programmée & renouvel. (hors pers.),-12.985503662517274
Montpellier,H66SSMT283 - U446-DEMETER-TRI,R2024,VE000072 - Equipements & pièces détachées,-4.785994855807707
Montpellier,H66SSMT283 - U446-DEMETER-TRI,R2024,"VE000073 - Sous-traitance, maint. Oblig. Prog. & renouvel.",-6.428505691982362
Montpellier,H66SSMT283 - U446-DEMETER-TRI,R2024,"VE000074 - Autres coûts, maint. Oblig. Prog. & renouvel.",-1.771003114727205
Montpellier,H66SSMT283 - U446-DEMETER-TRI,R2024,VE000077 - Coût des énergies pour production & distribution,-13.499734882209385
Montpellier,H66SSMT283 - U446-DEMETER-TRI,R2024,VE000080 - Autres combustibles fossiles,-1.5043005727333711
Montpellier,H66SSMT283 - U446-DEMETER-TRI,R2024,"VE000085 - Diesel, essence",-0.20593354182202847
Montpellier,H66SSMT283 - U446-DEMETER-TRI,R2024,VE000088 - Autres coûts de production d'énergies,-0.002218374930777492
Montpellier,H66SSMT283 - U446-DEMETER-TRI,R2024,VE000089 - Traitement et évacuation des sous-produits,-0.252864272779165
Montpellier,H66SSMT283 - U446-DEMETER-TRI,R2024,"VE000093 - Boues, graviers et refus de dégrillage",-0.252864272779165
Montpellier,H66SSMT283 - U446-DEMETER-TRI,R2024,VE000097 - Autres coûts d'exploitation,-34.1309378577333
Montpellier,H66SSMT283 - U446-DEMETER-TRI,R2024,VE000098 - Laboratoire et analyses,-0.15802917729140264
Montpellier,H66SSMT283 - U446-DEMETER-TRI,R2024,VE000099 - Equipements mobiles & Equipements motorisés,-5.056936789506307
Montpellier,H66SSMT283 - U446-DEMETER-TRI,R2024,VE000100 - Bâtiments d'exploitation,-4.233539169811874
Montpellier,H66SSMT283 - U446-DEMETER-TRI,R2024,VE000102 - Taxes et redevances,-0.45046237553711715
Montpellier,H66SSMT283 - U446-DEMETER-TRI,R2024,VE000103 - Assurances,-3.3602314034775618
Montpellier,H66SSMT283 - U446-DEMETER-TRI,R2024,VE000104 - Autres - autres coûts d'exploitation,-20.871738942109037
Montpellier,H66SSMT283 - U446-DEMETER-TRI,R2024,Marge Brute Cash,-26.355941252639834
Montpellier,H66SSMT283 - U446-DEMETER-TRI,R2024,VE000107 - Coûts COM & G&A (cash),-17.320126910297116
Montpellier,H66SSMT283 - U446-DEMETER-TRI,R2024,VE000112 - Coûts Généraux & Administratifs (G&A),-17.320126910297116
Montpellier,H66SSMT283 - U446-DEMETER-TRI,R2024,VE000115 - Autres coûts (G&A),-17.320126910297116
Montpellier,H66SSMT283 - U446-DEMETER-TRI,R2024,EBITDA,-43.67606816293695
Montpellier,H66SSMT283 - U446-DEMETER-TRI,R2024,Coûts Non Cash,-8.616216705073025
Montpellier,H66SSMT283 - U446-DEMETER-TRI,R2024,VE000118 - Coûts des Ventes (non cash),-8.616216705073025
Montpellier,H66SSMT283 - U446-DEMETER-TRI,R2024,VE000119 - CDV - Coûts de Personnel (non cash),-0.44992916227140817
Montpellier,H66SSMT283 - U446-DEMETER-TRI,R2024,VE000141 - CDV - Coûts de Personnel (non cash),-0.44992916227140817
Montpellier,H66SSMT283 - U446-DEMETER-TRI,R2024,VE000121 - CDV - Autres amortissements & Dépréciation,-7.035054825057229
Montpellier,H66SSMT283 - U446-DEMETER-TRI,R2024,VE000132 - CDV - Autres amortissements & Dépréciation,-7.035054825057229
Montpellier,H66SSMT283 - U446-DEMETER-TRI,R2024,EBIT Courant,-52.29228486800998
Montpellier,H66SSMT283 - U446-DEMETER-TRI,R2024,VE000027 - Autres travaux,0.0
Montpellier,H66SSMT283 - U446-DEMETER-TRI,R2024,VE000054 - Personnel maintenance - interne,-9.248502034277857
Montpellier,H66SSMT283 - U446-DEMETER-TRI,R2024,VE000055 - Personnel maintenance - externe,-0.5332402726146307
Montpellier,H66SSMT283 - U446-DEMETER-TRI,R2024,VE000075 - Autre sous-traitance (Construction & Travaux),-0.20237036148604737
Montpellier,H66SSMT283 - U446-DEMETER-TRI,R2024,VE000083 - Electricité,-11.787282392723203
Montpellier,H66SSMT283 - U446-DEMETER-TRI,R2024,VE000084 - Achat d'eau,0.17143879843922244
Montpellier,H66SSMT283 - U446-DEMETER-TRI,R2024,VE000086 - Réactifs,-0.0558090780735711
Montpellier,H66SSMT283 - U446-DEMETER-TRI,R2024,VE000122 - CDV - Autres charges (non cash),-1.1312327177443888
Montpellier,H66SSMT283 - U446-DEMETER-TRI,R2024,VE000137 - Autre sous-traitance (Construction & Travaux),-0.20237036148604737
Montpellier,H66SSMT283 - U446-DEMETER-TRI,R2024,VE000139 - CDV - Autres charges (non cash),-1.1312327177443888
Montpellier,H66SSMT283 - U446-DEMETER-TRI,R2024,VE000161 - Coûts des réactifs et des achats d'eau,0.1156297203656513
Montpellier,H66SSMT283 - U446-DEMETER-TRI,R2025,[R0100-EW-109] Tonnes entrantes,30447.524
Montpellier,H66SSMT283 - U446-DEMETER-TRI,R2025,[R1458-EW-110] Tonnage passage chaîne,0.9459601378424071
Montpellier,H66SSMT283 - U446-DEMETER-TRI,R2025,VE000001 - Chiffre d'affaires,185.66699676466305
Montpellier,H66SSMT283 - U446-DEMETER-TRI,R2025,VE000002 - Prestations de service (hors Energie et Utilités),185.61843452360858
Montpellier,H66SSMT283 - U446-DEMETER-TRI,R2025,VE000003 - Prestation de service - part fixe,166.34598268154747
Montpellier,H66SSMT283 - U446-DEMETER-TRI,R2025,VE000005 - Autres prestations de service,19.272451842061116
Montpellier,H66SSMT283 - U446-DEMETER-TRI,R2025,VE000015 - Ventes matières recyclées & matériaux bruts,0.04856224105447786
Montpellier,H66SSMT283 - U446-DEMETER-TRI,R2025,VE000017 - Métaux ferreux - produit,0.04856224105447786
Montpellier,H66SSMT283 - U446-DEMETER-TRI,R2025,VE000024 - Revenus des Travaux,0.0
Montpellier,H66SSMT283 - U446-DEMETER-TRI,R2025,VE000036 - Coûts des ventes cash (éléments PNE),-16.238620256937807
Montpellier,H66SSMT283 - U446-DEMETER-TRI,R2025,VE000044 - Coûts sous-traitance externe d'activité (Propreté),-16.238620256937807
Montpellier,H66SSMT283 - U446-DEMETER-TRI,R2025,VE000133 - Coûts sous-traitance externe d'activité (Propreté),-16.238620256937807
Montpellier,H66SSMT283 - U446-DEMETER-TRI,R2025,PNE,169.42837650772526
Montpellier,H66SSMT283 - U446-DEMETER-TRI,R2025,VE000050 - Coûts des ventes cash (hors éléments PNE),-168.1560434930605
Montpellier,H66SSMT283 - U446-DEMETER-TRI,R2025,VE000051 - Coûts de personnel,-106.26255455123379
Montpellier,H66SSMT283 - U446-DEMETER-TRI,R2025,VE000052 - Personnel exploitation - interne,-75.71995246641401
Montpellier,H66SSMT283 - U446-DEMETER-TRI,R2025,VE000053 - Personnel exploitation - externe,-20.65114687158141
Montpellier,H66SSMT283 - U446-DEMETER-TRI,R2025,VE000057 - Autres avantages sociaux,-2.0259240127374563
Montpellier,H66SSMT283 - U446-DEMETER-TRI,R2025,VE000067 - Entretien & maintenance courante (hors personnel),-15.528609814052533
Montpellier,H66SSMT283 - U446-DEMETER-TRI,R2025,VE000068 - Pièces détachées,-6.477409131855845
Montpellier,H66SSMT283 - U446-DEMETER-TRI,R2025,VE000069 - Sous-traitance - maintenance courante,-7.383197398908364
Montpellier,H66SSMT283 - U446-DEMETER-TRI,R2025,VE000070 - Autres coûts - maintenance courante,-1.6680032832883227
Montpellier,H66SSMT283 - U446-DEMETER-TRI,R2025,VE000071 - Maint. Obligatoire Programmée & renouvel. (hors pers.),-7.569122533576129
Montpellier,H66SSMT283 - U446-DEMETER-TRI,R2025,VE000072 - Equipements & pièces détachées,-4.118424867650979
Montpellier,H66SSMT283 - U446-DEMETER-TRI,R2025,"VE000073 - Sous-traitance, maint. Oblig. Prog. & renouvel.",-3.0942614578446515
Montpellier,H66SSMT283 - U446-DEMETER-TRI,R2025,"VE000074 - Autres coûts, maint. Oblig. Prog. & renouvel.",-0.3564362080804994
Montpellier,H66SSMT283 - U446-DEMETER-TRI,R2025,VE000077 - Coût des énergies pour production & distribution,-10.830343051868516
Montpellier,H66SSMT283 - U446-DEMETER-TRI,R2025,VE000080 - Autres combustibles fossiles,-0.5570531777887752
Montpellier,H66SSMT283 - U446-DEMETER-TRI,R2025,"VE000085 - Diesel, essence",-0.10514122593351104
Montpellier,H66SSMT283 - U446-DEMETER-TRI,R2025,VE000088 - Autres coûts de production d'énergies,-0.01563345512101411
Montpellier,H66SSMT283 - U446-DEMETER-TRI,R2025,VE000089 - Traitement et évacuation des sous-produits,-0.281627497854998
Montpellier,H66SSMT283 - U446-DEMETER-TRI,R2025,"VE000093 - Boues, graviers et refus de dégrillage",-0.281627497854998
Montpellier,H66SSMT283 - U446-DEMETER-TRI,R2025,VE000097 - Autres coûts d'exploitation,-27.868886153107226
Montpellier,H66SSMT283 - U446-DEMETER-TRI,R2025,VE000098 - Laboratoire et analyses,-0.714790470318703
Montpellier,H66SSMT283 - U446-DEMETER-TRI,R2025,VE000099 - Equipements mobiles & Equipements motorisés,-2.153014478287298
Montpellier,H66SSMT283 - U446-DEMETER-TRI,R2025,VE000100 - Bâtiments d'exploitation,-4.65865303201666
Montpellier,H66SSMT283 - U446-DEMETER-TRI,R2025,VE000102 - Taxes et redevances,-0.6141760492577327
Montpellier,H66SSMT283 - U446-DEMETER-TRI,R2025,VE000103 - Assurances,-3.7308212648095784
Montpellier,H66SSMT283 - U446-DEMETER-TRI,R2025,VE000104 - Autres - autres coûts d'exploitation,-15.997430858417253
Montpellier,H66SSMT283 - U446-DEMETER-TRI,R2025,Marge Brute Cash,1.272333014664839
Montpellier,H66SSMT283 - U446-DEMETER-TRI,R2025,VE000107 - Coûts COM & G&A (cash),-15.721262589365232
Montpellier,H66SSMT283 - U446-DEMETER-TRI,R2025,VE000112 - Coûts Généraux & Administratifs (G&A),-15.721262589365232
Montpellier,H66SSMT283 - U446-DEMETER-TRI,R2025,VE000115 - Autres coûts (G&A),-15.721262589365232
Montpellier,H66SSMT283 - U446-DEMETER-TRI,R2025,EBITDA,-14.448929574700388
Montpellier,H66SSMT283 - U446-DEMETER-TRI,R2025,Coûts Non Cash,-7.707759422408206
Montpellier,H66SSMT283 - U446-DEMETER-TRI,R2025,VE000118 - Coûts des Ventes (non cash),-7.707759422408206
Montpellier,H66SSMT283 - U446-DEMETER-TRI,R2025,VE000119 - CDV - Coûts de Personnel (non cash),-0.839939234467801
Montpellier,H66SSMT283 - U446-DEMETER-TRI,R2025,VE000141 - CDV - Coûts de Personnel (non cash),-0.839939234467801
Montpellier,H66SSMT283 - U446-DEMETER-TRI,R2025,VE000121 - CDV - Autres amortissements & Dépréciation,-6.867820187940405
Montpellier,H66SSMT283 - U446-DEMETER-TRI,R2025,VE000132 - CDV - Autres amortissements & Dépréciation,-6.867820187940405
Montpellier,H66SSMT283 - U446-DEMETER-TRI,R2025,EBIT Courant,-22.156688997108592
Montpellier,H66SSMT283 - U446-DEMETER-TRI,R2025,VE000027 - Autres travaux,0.0
Montpellier,H66SSMT283 - U446-DEMETER-TRI,R2025,VE000054 - Personnel maintenance - interne,-6.7055028842410955
Montpellier,H66SSMT283 - U446-DEMETER-TRI,R2025,VE000055 - Personnel maintenance - externe,-1.1600283162598048
Montpellier,H66SSMT283 - U446-DEMETER-TRI,R2025,VE000075 - Autre sous-traitance (Construction & Travaux),0.0
Montpellier,H66SSMT283 - U446-DEMETER-TRI,R2025,VE000083 - Electricité,-10.15251519302522
Montpellier,H66SSMT283 - U446-DEMETER-TRI,R2025,VE000084 - Achat d'eau,0.26272809572298883
Montpellier,H66SSMT283 - U446-DEMETER-TRI,R2025,VE000086 - Réactifs,-0.07762798709018177
Montpellier,H66SSMT283 - U446-DEMETER-TRI,R2025,VE000122 - CDV - Autres charges (non cash),0.0
Montpellier,H66SSMT283 - U446-DEMETER-TRI,R2025,VE000137 - Autre sous-traitance (Construction & Travaux),0.0
Montpellier,H66SSMT283 - U446-DEMETER-TRI,R2025,VE000139 - CDV - Autres charges (non cash),0.0
Montpellier,H66SSMT283 - U446-DEMETER-TRI,R2025,VE000161 - Coûts des réactifs et des achats d'eau,0.18510010863280704
Millau,H66SSMT284 - U446-ECOTRI-TRI,R2023,[R0100-EW-109] Tonnes entrantes,20895.65
Millau,H66SSMT284 - U446-ECOTRI-TRI,R2023,[R1458-EW-110] Tonnage passage chaîne,0.9247557520345143
Millau,H66SSMT284 - U446-ECOTRI-TRI,R2023,VE000001 - Chiffre d'affaires,201.8223084709018
Millau,H66SSMT284 - U446-ECOTRI-TRI,R2023,VE000002 - Prestations de service (hors Energie et Utilités),201.8223084709018
Millau,H66SSMT284 - U446-ECOTRI-TRI,R2023,VE000003 - Prestation de service - part fixe,201.75207854266313
Millau,H66SSMT284 - U446-ECOTRI-TRI,R2023,VE000005 - Autres prestations de service,0.07022992823865273
Millau,H66SSMT284 - U446-ECOTRI-TRI,R2023,VE000015 - Ventes matières recyclées & matériaux bruts,0.0
Millau,H66SSMT284 - U446-ECOTRI-TRI,R2023,VE000017 - Métaux ferreux - produit,0.0
Millau,H66SSMT284 - U446-ECOTRI-TRI,R2023,VE000036 - Coûts des ventes cash (éléments PNE),-4.247188768954304
Millau,H66SSMT284 - U446-ECOTRI-TRI,R2023,VE000044 - Coûts sous-traitance externe d'activité (Propreté),-4.247188768954304
Millau,H66SSMT284 - U446-ECOTRI-TRI,R2023,VE000133 - Coûts sous-traitance externe d'activité (Propreté),-4.247188768954304
Millau,H66SSMT284 - U446-ECOTRI-TRI,R2023,PNE,197.5751197019475
Millau,H66SSMT284 - U446-ECOTRI-TRI,R2023,VE000050 - Coûts des ventes cash (hors éléments PNE),-187.90963478044466
Millau,H66SSMT284 - U446-ECOTRI-TRI,R2023,VE000051 - Coûts de personnel,-118.88924680495695
Millau,H66SSMT284 - U446-ECOTRI-TRI,R2023,VE000052 - Personnel exploitation - interne,-57.580813710030554
Millau,H66SSMT284 - U446-ECOTRI-TRI,R2023,VE000053 - Personnel exploitation - externe,-60.33189491592747
Millau,H66SSMT284 - U446-ECOTRI-TRI,R2023,VE000057 - Autres avantages sociaux,-0.9765381789989782
Millau,H66SSMT284 - U446-ECOTRI-TRI,R2023,VE000067 - Entretien & maintenance courante (hors personnel),-5.259964155218909
Millau,H66SSMT284 - U446-ECOTRI-TRI,R2023,VE000068 - Pièces détachées,-8.716779808237598
Millau,H66SSMT284 - U446-ECOTRI-TRI,R2023,VE000069 - Sous-traitance - maintenance courante,-1.4459157767286497
Millau,H66SSMT284 - U446-ECOTRI-TRI,R2023,VE000070 - Autres coûts - maintenance courante,4.902731429747339
Millau,H66SSMT284 - U446-ECOTRI-TRI,R2023,VE000071 - Maint. Obligatoire Programmée & renouvel. (hors pers.),-3.7285521149138687
Millau,H66SSMT284 - U446-ECOTRI-TRI,R2023,VE000072 - Equipements & pièces détachées,-1.152069449861574
Millau,H66SSMT284 - U446-ECOTRI-TRI,R2023,"VE000073 - Sous-traitance, maint. Oblig. Prog. & renouvel.",-2.304655753709504
Millau,H66SSMT284 - U446-ECOTRI-TRI,R2023,"VE000074 - Autres coûts, maint. Oblig. Prog. & renouvel.",-0.2718269113427914
Millau,H66SSMT284 - U446-ECOTRI-TRI,R2023,VE000077 - Coût des énergies pour production & distribution,-21.067182882561678
Millau,H66SSMT284 - U446-ECOTRI-TRI,R2023,VE000080 - Autres combustibles fossiles,-2.0368062252191246
Millau,H66SSMT284 - U446-ECOTRI-TRI,R2023,"VE000085 - Diesel, essence",-0.12127404507636756
Millau,H66SSMT284 - U446-ECOTRI-TRI,R2023,VE000088 - Autres coûts de production d'énergies,-0.004579422032815442
Millau,H66SSMT284 - U446-ECOTRI-TRI,R2023,VE000089 - Traitement et évacuation des sous-produits,0.0
Millau,H66SSMT284 - U446-ECOTRI-TRI,R2023,"VE000093 - Boues, graviers et refus de dégrillage",0.0
Millau,H66SSMT284 - U446-ECOTRI-TRI,R2023,VE000097 - Autres coûts d'exploitation,-38.74549056861117
Millau,H66SSMT284 - U446-ECOTRI-TRI,R2023,VE000098 - Laboratoire et analyses,-0.40814810738120133
Millau,H66SSMT284 - U446-ECOTRI-TRI,R2023,VE000099 - Equipements mobiles & Equipements motorisés,-6.589408321827748
Millau,H66SSMT284 - U446-ECOTRI-TRI,R2023,VE000100 - Bâtiments d'exploitation,-2.8051685398635597
Millau,H66SSMT284 - U446-ECOTRI-TRI,R2023,VE000102 - Taxes et redevances,-9.007480025746984
Millau,H66SSMT284 - U446-ECOTRI-TRI,R2023,VE000103 - Assurances,-12.559743295853442
Millau,H66SSMT284 - U446-ECOTRI-TRI,R2023,VE000104 - Autres - autres coûts d'exploitation,-7.375542277938231
Millau,H66SSMT284 - U446-ECOTRI-TRI,R2023,Marge Brute Cash,9.665484921502806
Millau,H66SSMT284 - U446-ECOTRI-TRI,R2023,VE000107 - Coûts COM & G&A (cash),-4.756061668337668
Millau,H66SSMT284 - U446-ECOTRI-TRI,R2023,VE000112 - Coûts Généraux & Administratifs (G&A),-4.756061668337668
Millau,H66SSMT284 - U446-ECOTRI-TRI,R2023,VE000115 - Autres coûts (G&A),-4.756061668337668
Millau,H66SSMT284 - U446-ECOTRI-TRI,R2023,EBITDA,4.909423253165137
Millau,H66SSMT284 - U446-ECOTRI-TRI,R2023,Coûts Non Cash,-3.190149624443365
Millau,H66SSMT284 - U446-ECOTRI-TRI,R2023,VE000118 - Coûts des Ventes (non cash),-3.190149624443365
Millau,H66SSMT284 - U446-ECOTRI-TRI,R2023,VE000119 - CDV - Coûts de Personnel (non cash),-0.23775283372376546
Millau,H66SSMT284 - U446-ECOTRI-TRI,R2023,VE000141 - CDV - Coûts de Personnel (non cash),-0.23775283372376546
Millau,H66SSMT284 - U446-ECOTRI-TRI,R2023,VE000121 - CDV - Autres amortissements & Dépréciation,-2.952396790719599
Millau,H66SSMT284 - U446-ECOTRI-TRI,R2023,VE000132 - CDV - Autres amortissements & Dépréciation,-2.952396790719599
Millau,H66SSMT284 - U446-ECOTRI-TRI,R2023,EBIT Courant,1.719273628721774
Millau,H66SSMT284 - U446-ECOTRI-TRI,R2023,VE000055 - Personnel maintenance - externe,0.0
Millau,H66SSMT284 - U446-ECOTRI-TRI,R2023,VE000075 - Autre sous-traitance (Construction & Travaux),0.0
Millau,H66SSMT284 - U446-ECOTRI-TRI,R2023,VE000079 - Gaz,0.0
Millau,H66SSMT284 - U446-ECOTRI-TRI,R2023,VE000083 - Electricité,-18.904523190233373
Millau,H66SSMT284 - U446-ECOTRI-TRI,R2023,VE000084 - Achat d'eau,-0.18675944514767426
Millau,H66SSMT284 - U446-ECOTRI-TRI,R2023,VE000086 - Réactifs,-0.03243880903441625
Millau,H66SSMT284 - U446-ECOTRI-TRI,R2023,VE000122 - CDV - Autres charges (non cash),0.0
Millau,H66SSMT284 - U446-ECOTRI-TRI,R2023,VE000137 - Autre sous-traitance (Construction & Travaux),0.0
Millau,H66SSMT284 - U446-ECOTRI-TRI,R2023,VE000139 - CDV - Autres charges (non cash),0.0
Millau,H66SSMT284 - U446-ECOTRI-TRI,R2023,VE000161 - Coûts des réactifs et des achats d'eau,-0.21919825418209052
Millau,H66SSMT284 - U446-ECOTRI-TRI,R2024,[R0100-EW-109] Tonnes entrantes,21725.64
Millau,H66SSMT284 - U446-ECOTRI-TRI,R2024,[R1458-EW-110] Tonnage passage chaîne,0.8907840054424174
Millau,H66SSMT284 - U446-ECOTRI-TRI,R2024,VE000001 - Chiffre d'affaires,211.41851517377623
Millau,H66SSMT284 - U446-ECOTRI-TRI,R2024,VE000002 - Prestations de service (hors Energie et Utilités),211.41851517377623
Millau,H66SSMT284 - U446-ECOTRI-TRI,R2024,VE000003 - Prestation de service - part fixe,211.41851517377623
Millau,H66SSMT284 - U446-ECOTRI-TRI,R2024,VE000005 - Autres prestations de service,0.0
Millau,H66SSMT284 - U446-ECOTRI-TRI,R2024,VE000015 - Ventes matières recyclées & matériaux bruts,0.0
Millau,H66SSMT284 - U446-ECOTRI-TRI,R2024,VE000017 - Métaux ferreux - produit,0.0
Millau,H66SSMT284 - U446-ECOTRI-TRI,R2024,VE000036 - Coûts des ventes cash (éléments PNE),-3.9346863889855492
Millau,H66SSMT284 - U446-ECOTRI-TRI,R2024,VE000044 - Coûts sous-traitance externe d'activité (Propreté),-3.9346863889855492
Millau,H66SSMT284 - U446-ECOTRI-TRI,R2024,VE000133 - Coûts sous-traitance externe d'activité (Propreté),-3.9346863889855492
Millau,H66SSMT284 - U446-ECOTRI-TRI,R2024,PNE,207.4838287847907
Millau,H66SSMT284 - U446-ECOTRI-TRI,R2024,VE000050 - Coûts des ventes cash (hors éléments PNE),-190.19698982400524
Millau,H66SSMT284 - U446-ECOTRI-TRI,R2024,VE000051 - Coûts de personnel,-108.35129828166166
Millau,H66SSMT284 - U446-ECOTRI-TRI,R2024,VE000052 - Personnel exploitation - interne,-59.299143316376416
Millau,H66SSMT284 - U446-ECOTRI-TRI,R2024,VE000053 - Personnel exploitation - externe,-47.75926140725889
Millau,H66SSMT284 - U446-ECOTRI-TRI,R2024,VE000057 - Autres avantages sociaux,-1.234437282399966
Millau,H66SSMT284 - U446-ECOTRI-TRI,R2024,VE000067 - Entretien & maintenance courante (hors personnel),-4.036751506514887
Millau,H66SSMT284 - U446-ECOTRI-TRI,R2024,VE000068 - Pièces détachées,-5.567031857289364
Millau,H66SSMT284 - U446-ECOTRI-TRI,R2024,VE000069 - Sous-traitance - maintenance courante,-0.9355415996951069
Millau,H66SSMT284 - U446-ECOTRI-TRI,R2024,VE000070 - Autres coûts - maintenance courante,2.465821950469583
Millau,H66SSMT284 - U446-ECOTRI-TRI,R2024,VE000071 - Maint. Obligatoire Programmée & renouvel. (hors pers.),-13.881145963939383
Millau,H66SSMT284 - U446-ECOTRI-TRI,R2024,VE000072 - Equipements & pièces détachées,-6.2346048263710525
Millau,H66SSMT284 - U446-ECOTRI-TRI,R2024,"VE000073 - Sous-traitance, maint. Oblig. Prog. & renouvel.",-7.587060726404378
Millau,H66SSMT284 - U446-ECOTRI-TRI,R2024,"VE000074 - Autres coûts, maint. Oblig. Prog. & renouvel.",-0.059480411163951905
Millau,H66SSMT284 - U446-ECOTRI-TRI,R2024,VE000077 - Coût des énergies pour production & distribution,-17.466581421767092
Millau,H66SSMT284 - U446-ECOTRI-TRI,R2024,VE000080 - Autres combustibles fossiles,-2.0696232654135853
Millau,H66SSMT284 - U446-ECOTRI-TRI,R2024,"VE000085 - Diesel, essence",-0.055006895078810104
Millau,H66SSMT284 - U446-ECOTRI-TRI,R2024,VE000088 - Autres coûts de production d'énergies,-0.002139867916434222
Millau,H66SSMT284 - U446-ECOTRI-TRI,R2024,VE000089 - Traitement et évacuation des sous-produits,-0.08713759410539804
Millau,H66SSMT284 - U446-ECOTRI-TRI,R2024,"VE000093 - Boues, graviers et refus de dégrillage",-0.08713759410539804
Millau,H66SSMT284 - U446-ECOTRI-TRI,R2024,VE000097 - Autres coûts d'exploitation,-44.96995853747001
Millau,H66SSMT284 - U446-ECOTRI-TRI,R2024,VE000098 - Laboratoire et analyses,-0.18292855814604317
Millau,H66SSMT284 - U446-ECOTRI-TRI,R2024,VE000099 - Equipements mobiles & Equipements motorisés,-6.13841387411372
Millau,H66SSMT284 - U446-ECOTRI-TRI,R2024,VE000100 - Bâtiments d'exploitation,-3.35038231324831
Millau,H66SSMT284 - U446-ECOTRI-TRI,R2024,VE000102 - Taxes et redevances,-10.585492072960797
Millau,H66SSMT284 - U446-ECOTRI-TRI,R2024,VE000103 - Assurances,-12.430581561693927
Millau,H66SSMT284 - U446-ECOTRI-TRI,R2024,VE000104 - Autres - autres coûts d'exploitation,-12.282160157307217
Millau,H66SSMT284 - U446-ECOTRI-TRI,R2024,Marge Brute Cash,17.28683896078551
Millau,H66SSMT284 - U446-ECOTRI-TRI,R2024,VE000107 - Coûts COM & G&A (cash),-5.34836810331019
Millau,H66SSMT284 - U446-ECOTRI-TRI,R2024,VE000112 - Coûts Généraux & Administratifs (G&A),-5.34836810331019
Millau,H66SSMT284 - U446-ECOTRI-TRI,R2024,VE000115 - Autres coûts (G&A),-5.34836810331019
Millau,H66SSMT284 - U446-ECOTRI-TRI,R2024,EBITDA,11.938470857475316
Millau,H66SSMT284 - U446-ECOTRI-TRI,R2024,Coûts Non Cash,-4.309055107237348
Millau,H66SSMT284 - U446-ECOTRI-TRI,R2024,VE000118 - Coûts des Ventes (non cash),-4.309055107237348
Millau,H66SSMT284 - U446-ECOTRI-TRI,R2024,VE000119 - CDV - Coûts de Personnel (non cash),-0.2632543851412434
Millau,H66SSMT284 - U446-ECOTRI-TRI,R2024,VE000141 - CDV - Coûts de Personnel (non cash),-0.2632543851412434
Millau,H66SSMT284 - U446-ECOTRI-TRI,R2024,VE000121 - CDV - Autres amortissements & Dépréciation,-4.0458007220961045
Millau,H66SSMT284 - U446-ECOTRI-TRI,R2024,VE000132 - CDV - Autres amortissements & Dépréciation,-4.0458007220961045
Millau,H66SSMT284 - U446-ECOTRI-TRI,R2024,EBIT Courant,7.629415750237968
Millau,H66SSMT284 - U446-ECOTRI-TRI,R2024,VE000055 - Personnel maintenance - externe,-0.05845627562640272
Millau,H66SSMT284 - U446-ECOTRI-TRI,R2024,VE000075 - Autre sous-traitance (Construction & Travaux),-1.2229407280982292
Millau,H66SSMT284 - U446-ECOTRI-TRI,R2024,VE000079 - Gaz,-0.0195621394812765
Millau,H66SSMT284 - U446-ECOTRI-TRI,R2024,VE000083 - Electricité,-15.320249253876986
Millau,H66SSMT284 - U446-ECOTRI-TRI,R2024,VE000084 - Achat d'eau,-0.15806945157887178
Millau,H66SSMT284 - U446-ECOTRI-TRI,R2024,VE000086 - Réactifs,-0.02310633886964895
Millau,H66SSMT284 - U446-ECOTRI-TRI,R2024,VE000122 - CDV - Autres charges (non cash),0.0
Millau,H66SSMT284 - U446-ECOTRI-TRI,R2024,VE000137 - Autre sous-traitance (Construction & Travaux),-1.2229407280982292
Millau,H66SSMT284 - U446-ECOTRI-TRI,R2024,VE000139 - CDV - Autres charges (non cash),0.0
Millau,H66SSMT284 - U446-ECOTRI-TRI,R2024,VE000161 - Coûts des réactifs et des achats d'eau,-0.18117579044852072
Millau,H66SSMT284 - U446-ECOTRI-TRI,R2025,[R0100-EW-109] Tonnes entrantes,24454.78
Millau,H66SSMT284 - U446-ECOTRI-TRI,R2025,[R1458-EW-110] Tonnage passage chaîne,0.8406365673704691
Millau,H66SSMT284 - U446-ECOTRI-TRI,R2025,VE000001 - Chiffre d'affaires,201.74987998256373
Millau,H66SSMT284 - U446-ECOTRI-TRI,R2025,VE000002 - Prestations de service (hors Energie et Utilités),201.7262281648005
Millau,H66SSMT284 - U446-ECOTRI-TRI,R2025,VE000003 - Prestation de service - part fixe,201.7262281648005
Millau,H66SSMT284 - U446-ECOTRI-TRI,R2025,VE000005 - Autres prestations de service,0.0
Millau,H66SSMT284 - U446-ECOTRI-TRI,R2025,VE000015 - Ventes matières recyclées & matériaux bruts,0.023651817763234835
Millau,H66SSMT284 - U446-ECOTRI-TRI,R2025,VE000017 - Métaux ferreux - produit,0.023651817763234835
Millau,H66SSMT284 - U446-ECOTRI-TRI,R2025,VE000036 - Coûts des ventes cash (éléments PNE),-3.408399094164822
Millau,H66SSMT284 - U446-ECOTRI-TRI,R2025,VE000044 - Coûts sous-traitance externe d'activité (Propreté),-3.408399094164822
Millau,H66SSMT284 - U446-ECOTRI-TRI,R2025,VE000133 - Coûts sous-traitance externe d'activité (Propreté),-3.408399094164822
Millau,H66SSMT284 - U446-ECOTRI-TRI,R2025,PNE,198.34148088839893
Millau,H66SSMT284 - U446-ECOTRI-TRI,R2025,VE000050 - Coûts des ventes cash (hors éléments PNE),-177.59737850841432
Millau,H66SSMT284 - U446-ECOTRI-TRI,R2025,VE000051 - Coûts de personnel,-97.19616533045891
Millau,H66SSMT284 - U446-ECOTRI-TRI,R2025,VE000052 - Personnel exploitation - interne,-58.51820257634704
Millau,H66SSMT284 - U446-ECOTRI-TRI,R2025,VE000053 - Personnel exploitation - externe,-36.89079312919601
Millau,H66SSMT284 - U446-ECOTRI-TRI,R2025,VE000057 - Autres avantages sociaux,-1.787169624915865
Millau,H66SSMT284 - U446-ECOTRI-TRI,R2025,VE000067 - Entretien & maintenance courante (hors personnel),-8.033073697657473
Millau,H66SSMT284 - U446-ECOTRI-TRI,R2025,VE000068 - Pièces détachées,-6.606864179518278
Millau,H66SSMT284 - U446-ECOTRI-TRI,R2025,VE000069 - Sous-traitance - maintenance courante,-2.025791685715431
Millau,H66SSMT284 - U446-ECOTRI-TRI,R2025,VE000070 - Autres coûts - maintenance courante,0.5995821675762366
Millau,H66SSMT284 - U446-ECOTRI-TRI,R2025,VE000071 - Maint. Obligatoire Programmée & renouvel. (hors pers.),-13.181690041783243
Millau,H66SSMT284 - U446-ECOTRI-TRI,R2025,VE000072 - Equipements & pièces détachées,-0.3472580820600308
Millau,H66SSMT284 - U446-ECOTRI-TRI,R2025,"VE000073 - Sous-traitance, maint. Oblig. Prog. & renouvel.",-12.832591828673168
Millau,H66SSMT284 - U446-ECOTRI-TRI,R2025,"VE000074 - Autres coûts, maint. Oblig. Prog. & renouvel.",-0.001840131050044204
Millau,H66SSMT284 - U446-ECOTRI-TRI,R2025,VE000077 - Coût des énergies pour production & distribution,-11.899422934902708
Millau,H66SSMT284 - U446-ECOTRI-TRI,R2025,VE000080 - Autres combustibles fossiles,-1.8303399171859245
Millau,H66SSMT284 - U446-ECOTRI-TRI,R2025,"VE000085 - Diesel, essence",-0.08308600608960702
Millau,H66SSMT284 - U446-ECOTRI-TRI,R2025,VE000088 - Autres coûts de production d'énergies,-0.005056271207510352
Millau,H66SSMT284 - U446-ECOTRI-TRI,R2025,VE000089 - Traitement et évacuation des sous-produits,-0.048998600682565945
Millau,H66SSMT284 - U446-ECOTRI-TRI,R2025,"VE000093 - Boues, graviers et refus de dégrillage",-0.048998600682565945
Millau,H66SSMT284 - U446-ECOTRI-TRI,R2025,VE000097 - Autres coûts d'exploitation,-46.19861229583746
Millau,H66SSMT284 - U446-ECOTRI-TRI,R2025,VE000098 - Laboratoire et analyses,-0.8433578220699595
Millau,H66SSMT284 - U446-ECOTRI-TRI,R2025,VE000099 - Equipements mobiles & Equipements motorisés,-5.841214682773675
Millau,H66SSMT284 - U446-ECOTRI-TRI,R2025,VE000100 - Bâtiments d'exploitation,-2.5916830983554138
Millau,H66SSMT284 - U446-ECOTRI-TRI,R2025,VE000102 - Taxes et redevances,-11.74768163933595
Millau,H66SSMT284 - U446-ECOTRI-TRI,R2025,VE000103 - Assurances,-12.7664399352601
Millau,H66SSMT284 - U446-ECOTRI-TRI,R2025,VE000104 - Autres - autres coûts d'exploitation,-12.408235118042361
Millau,H66SSMT284 - U446-ECOTRI-TRI,R2025,Marge Brute Cash,20.7441023799846
Millau,H66SSMT284 - U446-ECOTRI-TRI,R2025,VE000107 - Coûts COM & G&A (cash),-5.520820060536223
Millau,H66SSMT284 - U446-ECOTRI-TRI,R2025,VE000112 - Coûts Généraux & Administratifs (G&A),-5.520820060536223
Millau,H66SSMT284 - U446-ECOTRI-TRI,R2025,VE000115 - Autres coûts (G&A),-5.520820060536223
Millau,H66SSMT284 - U446-ECOTRI-TRI,R2025,EBITDA,15.223282319448384
Millau,H66SSMT284 - U446-ECOTRI-TRI,R2025,Coûts Non Cash,-3.0189889256824225
Millau,H66SSMT284 - U446-ECOTRI-TRI,R2025,VE000118 - Coûts des Ventes (non cash),-3.0189889256824225
Millau,H66SSMT284 - U446-ECOTRI-TRI,R2025,VE000119 - CDV - Coûts de Personnel (non cash),-0.4052757783958801
Millau,H66SSMT284 - U446-ECOTRI-TRI,R2025,VE000141 - CDV - Coûts de Personnel (non cash),-0.4052757783958801
Millau,H66SSMT284 - U446-ECOTRI-TRI,R2025,VE000121 - CDV - Autres amortissements & Dépréciation,-3.9678672226861167
Millau,H66SSMT284 - U446-ECOTRI-TRI,R2025,VE000132 - CDV - Autres amortissements & Dépréciation,-3.9678672226861167
Millau,H66SSMT284 - U446-ECOTRI-TRI,R2025,EBIT Courant,12.204293393765957
Millau,H66SSMT284 - U446-ECOTRI-TRI,R2025,VE000055 - Personnel maintenance - externe,0.0
Millau,H66SSMT284 - U446-ECOTRI-TRI,R2025,VE000075 - Autre sous-traitance (Construction & Travaux),-0.8654622940791126
Millau,H66SSMT284 - U446-ECOTRI-TRI,R2025,VE000079 - Gaz,0.0
Millau,H66SSMT284 - U446-ECOTRI-TRI,R2025,VE000083 - Electricité,-9.980940740419664
Millau,H66SSMT284 - U446-ECOTRI-TRI,R2025,VE000084 - Achat d'eau,-0.13274296477007766
Millau,H66SSMT284 - U446-ECOTRI-TRI,R2025,VE000086 - Réactifs,-0.04121034824275663
Millau,H66SSMT284 - U446-ECOTRI-TRI,R2025,VE000122 - CDV - Autres charges (non cash),1.3541540753995744
Millau,H66SSMT284 - U446-ECOTRI-TRI,R2025,VE000137 - Autre sous-traitance (Construction & Travaux),-0.8654622940791126
Millau,H66SSMT284 - U446-ECOTRI-TRI,R2025,VE000139 - CDV - Autres charges (non cash),1.3541540753995744
Millau,H66SSMT284 - U446-ECOTRI-TRI,R2025,VE000161 - Coûts des réactifs et des achats d'eau,-0.1739533130128343
Bègles,H66SVBM281 - U058-BEGLES-TRI,R2023,[R0100-EW-109] Tonnes entrantes,51855.74999999999
Bègles,H66SVBM281 - U058-BEGLES-TRI,R2023,[R1458-EW-110] Tonnage passage chaîne,1.0160273450870925
Bègles,H66SVBM281 - U058-BEGLES-TRI,R2023,VE000001 - Chiffre d'affaires,246.01875780410083
Bègles,H66SVBM281 - U058-BEGLES-TRI,R2023,VE000002 - Prestations de service (hors Energie et Utilités),56.81891265674492
Bègles,H66SVBM281 - U058-BEGLES-TRI,R2023,VE000003 - Prestation de service - part fixe,56.81891265674492
Bègles,H66SVBM281 - U058-BEGLES-TRI,R2023,VE000005 - Autres prestations de service,-1.234740427485204e-14
Bègles,H66SVBM281 - U058-BEGLES-TRI,R2023,VE000015 - Ventes matières recyclées & matériaux bruts,42.842851178509626
Bègles,H66SVBM281 - U058-BEGLES-TRI,R2023,VE000016 - Papier & carton - produit,26.58989755234473
Bègles,H66SVBM281 - U058-BEGLES-TRI,R2023,VE000017 - Métaux ferreux - produit,2.935827367263997
Bègles,H66SVBM281 - U058-BEGLES-TRI,R2023,VE000019 - Plastiques - produit,11.005272317920387
Bègles,H66SVBM281 - U058-BEGLES-TRI,R2023,VE000024 - Revenus des Travaux,146.35699396884627
Bègles,H66SVBM281 - U058-BEGLES-TRI,R2023,VE000026 - Travaux I4 / travaux I12,146.35699396884627
Bègles,H66SVBM281 - U058-BEGLES-TRI,R2023,VE000036 - Coûts des ventes cash (éléments PNE),-169.1088211046988
Bègles,H66SVBM281 - U058-BEGLES-TRI,R2023,VE000044 - Coûts sous-traitance externe d'activité (Propreté),-0.31246293805412134
Bègles,H66SVBM281 - U058-BEGLES-TRI,R2023,VE000133 - Coûts sous-traitance externe d'activité (Propreté),-0.31246293805412134
Bègles,H66SVBM281 - U058-BEGLES-TRI,R2023,VE000045 - Prestations internes - Charge (Propreté),-32.592875428472254
Bègles,H66SVBM281 - U058-BEGLES-TRI,R2023,VE000134 - Prestations internes - Charge (Propreté),-32.592875428472254
Bègles,H66SVBM281 - U058-BEGLES-TRI,R2023,VE000048 - Coûts sous-traitance construction AFO I4 & I12,-136.20348273817243
Bègles,H66SVBM281 - U058-BEGLES-TRI,R2023,VE000165 - Coûts sous-traitance construction AFO I4 & I12,-136.20348273817243
Bègles,H66SVBM281 - U058-BEGLES-TRI,R2023,PNE,76.90993669940202
Bègles,H66SVBM281 - U058-BEGLES-TRI,R2023,VE000050 - Coûts des ventes cash (hors éléments PNE),-110.08109303211309
Bègles,H66SVBM281 - U058-BEGLES-TRI,R2023,VE000051 - Coûts de personnel,-73.60538783066488
Bègles,H66SVBM281 - U058-BEGLES-TRI,R2023,VE000052 - Personnel exploitation - interne,-57.35597691673538
Bègles,H66SVBM281 - U058-BEGLES-TRI,R2023,VE000053 - Personnel exploitation - externe,-10.779420797115074
Bègles,H66SVBM281 - U058-BEGLES-TRI,R2023,VE000057 - Autres avantages sociaux,-1.4279941954363786
Bègles,H66SVBM281 - U058-BEGLES-TRI,R2023,VE000067 - Entretien & maintenance courante (hors personnel),-4.699023155580626
Bègles,H66SVBM281 - U058-BEGLES-TRI,R2023,VE000068 - Pièces détachées,-3.9925541526253125
Bègles,H66SVBM281 - U058-BEGLES-TRI,R2023,VE000069 - Sous-traitance - maintenance courante,-0.3587301311812095
Bègles,H66SVBM281 - U058-BEGLES-TRI,R2023,VE000070 - Autres coûts - maintenance courante,-0.3477388717741041
Bègles,H66SVBM281 - U058-BEGLES-TRI,R2023,VE000071 - Maint. Obligatoire Programmée & renouvel. (hors pers.),-9.108610520530512
Bègles,H66SVBM281 - U058-BEGLES-TRI,R2023,VE000072 - Equipements & pièces détachées,-4.273652970017791
Bègles,H66SVBM281 - U058-BEGLES-TRI,R2023,"VE000073 - Sous-traitance, maint. Oblig. Prog. & renouvel.",-4.844357086726159
Bègles,H66SVBM281 - U058-BEGLES-TRI,R2023,"VE000074 - Autres coûts, maint. Oblig. Prog. & renouvel.",0.009399536213438238
Bègles,H66SVBM281 - U058-BEGLES-TRI,R2023,VE000077 - Coût des énergies pour production & distribution,-1.11000515854076
Bègles,H66SVBM281 - U058-BEGLES-TRI,R2023,VE000080 - Autres combustibles fossiles,-1.0662902378231924
Bègles,H66SVBM281 - U058-BEGLES-TRI,R2023,"VE000085 - Diesel, essence",-0.043484666599171745
Bègles,H66SVBM281 - U058-BEGLES-TRI,R2023,VE000088 - Autres coûts de production d'énergies,-0.00023025411839574204
Bègles,H66SVBM281 - U058-BEGLES-TRI,R2023,VE000089 - Traitement et évacuation des sous-produits,-0.02423472806776491
Bègles,H66SVBM281 - U058-BEGLES-TRI,R2023,"VE000093 - Boues, graviers et refus de dégrillage",-0.02423472806776491
Bègles,H66SVBM281 - U058-BEGLES-TRI,R2023,VE000097 - Autres coûts d'exploitation,-21.439675831513366
Bègles,H66SVBM281 - U058-BEGLES-TRI,R2023,VE000098 - Laboratoire et analyses,0.08382368396947308
Bègles,H66SVBM281 - U058-BEGLES-TRI,R2023,VE000099 - Equipements mobiles & Equipements motorisés,-4.913928735000461
Bègles,H66SVBM281 - U058-BEGLES-TRI,R2023,VE000100 - Bâtiments d'exploitation,-4.023096377933016
Bègles,H66SVBM281 - U058-BEGLES-TRI,R2023,VE000102 - Taxes et redevances,-48.8432877742584
Bègles,H66SVBM281 - U058-BEGLES-TRI,R2023,665IF121 - Annulat. Charges Actifs Incorp. IFRIC 12,0.0
Bègles,H66SVBM281 - U058-BEGLES-TRI,R2023,VE000103 - Assurances,-2.5581733944644522
Bègles,H66SVBM281 - U058-BEGLES-TRI,R2023,VE000104 - Autres - autres coûts d'exploitation,38.8149867661735
Bègles,H66SVBM281 - U058-BEGLES-TRI,R2023,Marge Brute Cash,-33.17115633271107
Bègles,H66SVBM281 - U058-BEGLES-TRI,R2023,VE000107 - Coûts COM & G&A (cash),-2.9974230437318914
Bègles,H66SVBM281 - U058-BEGLES-TRI,R2023,VE000108 - Coûts Commerciaux (COM),-0.5493845909084336
Bègles,H66SVBM281 - U058-BEGLES-TRI,R2023,VE000111 - Autres coûts (Commerciaux),-0.5493845909084336
Bègles,H66SVBM281 - U058-BEGLES-TRI,R2023,VE000112 - Coûts Généraux & Administratifs (G&A),-2.4480384528234578
Bègles,H66SVBM281 - U058-BEGLES-TRI,R2023,VE000115 - Autres coûts (G&A),-2.4480384528234578
Bègles,H66SVBM281 - U058-BEGLES-TRI,R2023,EBITDA,-36.16857937644331
Bègles,H66SVBM281 - U058-BEGLES-TRI,R2023,Coûts Non Cash,-590.6374141729702
Bègles,H66SVBM281 - U058-BEGLES-TRI,R2023,VE000118 - Coûts des Ventes (non cash),-46.82758440481528
Bègles,H66SVBM281 - U058-BEGLES-TRI,R2023,VE000119 - CDV - Coûts de Personnel (non cash),-0.253183108912705
Bègles,H66SVBM281 - U058-BEGLES-TRI,R2023,VE000141 - CDV - Coûts de Personnel (non cash),-0.253183108912705
Bègles,H66SVBM281 - U058-BEGLES-TRI,R2023,VE000121 - CDV - Autres amortissements & Dépréciation,-0.28407669352000503
Bègles,H66SVBM281 - U058-BEGLES-TRI,R2023,VE000132 - CDV - Autres amortissements & Dépréciation,-0.28407669352000503
Bègles,H66SVBM281 - U058-BEGLES-TRI,R2023,VE000187 - Amortissement Actif Incorporel IFRIC12,-46.444916908925244
Bègles,H66SVBM281 - U058-BEGLES-TRI,R2023,VE000185 - Amortissement Actif Incorporel IFRIC12,-46.444916908925244
Bègles,H66SVBM281 - U058-BEGLES-TRI,R2023,665IF122 - Amortissement Actif Incorporel IFRIC 12,-46.444916908925244
Bègles,H66SVBM281 - U058-BEGLES-TRI,R2023,EBIT Courant,-82.99616378125825
Bègles,H66SVBM281 - U058-BEGLES-TRI,R2023,VE000018 - Métaux non-ferreux - produit,2.311853940980509
Bègles,H66SVBM281 - U058-BEGLES-TRI,R2023,VE000021 - Autres produits recyclés - produit,0.0
Bègles,H66SVBM281 - U058-BEGLES-TRI,R2023,VE000047 - Produits perçus pour le compte de tiers - Charges,0.0
Bègles,H66SVBM281 - U058-BEGLES-TRI,R2023,VE000054 - Personnel maintenance - interne,-4.041995921378055
Bègles,H66SVBM281 - U058-BEGLES-TRI,R2023,VE000075 - Autre sous-traitance (Construction & Travaux),0.0
Bègles,H66SVBM281 - U058-BEGLES-TRI,R2023,VE000084 - Achat d'eau,0.0
Bègles,H66SVBM281 - U058-BEGLES-TRI,R2023,VE000086 - Réactifs,-0.0941558072152076
Bègles,H66SVBM281 - U058-BEGLES-TRI,R2023,VE000122 - CDV - Autres charges (non cash),0.15459230654266887
Bègles,H66SVBM281 - U058-BEGLES-TRI,R2023,VE000136 - Produits perçus pour le compte de tiers - Charges,0.0
Bègles,H66SVBM281 - U058-BEGLES-TRI,R2023,VE000137 - Autre sous-traitance (Construction & Travaux),0.0
Bègles,H66SVBM281 - U058-BEGLES-TRI,R2023,VE000139 - CDV - Autres charges (non cash),0.15459230654266887
Bègles,H66SVBM281 - U058-BEGLES-TRI,R2023,VE000161 - Coûts des réactifs et des achats d'eau,-0.0941558072152076
Bègles,H66SVBM281 - U058-BEGLES-TRI,R2023,VE000170 - Neutralisation Remboursement des AFO I12 et I4,-543.8098297681549
Bègles,H66SVBM281 - U058-BEGLES-TRI,R2023,VE000171 - Neutralisation Remboursement des AFO I12 et I4,-543.8098297681549
Bègles,H66SVBM281 - U058-BEGLES-TRI,R2023,VE000173 - Neutralisation Remboursement des AFO I12 et I4,-543.8098297681549
Bègles,H66SVBM281 - U058-BEGLES-TRI,R2023,VE000174 - Remboursement des AFO I12 et I4,543.8098297681549
Bègles,H66SVBM281 - U058-BEGLES-TRI,R2023,VE000175 - Remboursement des AFO I12 et I4,543.8098297681549
Bègles,H66SVBM281 - U058-BEGLES-TRI,R2023,VE000176 - Remboursement des AFO I12 et I4,543.8098297681549
Bègles,H66SVBM281 - U058-BEGLES-TRI,R2024,[R0100-EW-109] Tonnes entrantes,48331.49999999999
Bègles,H66SVBM281 - U058-BEGLES-TRI,R2024,[R1458-EW-110] Tonnage passage chaîne,0.9951789205797462
Bègles,H66SVBM281 - U058-BEGLES-TRI,R2024,VE000001 - Chiffre d'affaires,83.178373524513
Bègles,H66SVBM281 - U058-BEGLES-TRI,R2024,VE000002 - Prestations de service (hors Energie et Utilités),45.952041836069625
Bègles,H66SVBM281 - U058-BEGLES-TRI,R2024,VE000003 - Prestation de service - part fixe,45.952041836069625
Bègles,H66SVBM281 - U058-BEGLES-TRI,R2024,VE000005 - Autres prestations de service,-3.613026343904125e-15
Bègles,H66SVBM281 - U058-BEGLES-TRI,R2024,VE000015 - Ventes matières recyclées & matériaux bruts,64.00773801764896
Bègles,H66SVBM281 - U058-BEGLES-TRI,R2024,VE000016 - Papier & carton - produit,40.63041846414865
Bègles,H66SVBM281 - U058-BEGLES-TRI,R2024,VE000017 - Métaux ferreux - produit,5.195427412763933
Bègles,H66SVBM281 - U058-BEGLES-TRI,R2024,VE000019 - Plastiques - produit,14.984127122063255
Bègles,H66SVBM281 - U058-BEGLES-TRI,R2024,VE000024 - Revenus des Travaux,-26.781406329205595
Bègles,H66SVBM281 - U058-BEGLES-TRI,R2024,VE000026 - Travaux I4 / travaux I12,-26.781406329205595
Bègles,H66SVBM281 - U058-BEGLES-TRI,R2024,VE000036 - Coûts des ventes cash (éléments PNE),-18.373113807765122
Bègles,H66SVBM281 - U058-BEGLES-TRI,R2024,VE000044 - Coûts sous-traitance externe d'activité (Propreté),-0.4206625078882303
Bègles,H66SVBM281 - U058-BEGLES-TRI,R2024,VE000133 - Coûts sous-traitance externe d'activité (Propreté),-0.4206625078882303
Bègles,H66SVBM281 - U058-BEGLES-TRI,R2024,VE000045 - Prestations internes - Charge (Propreté),-44.733857629082486
Bègles,H66SVBM281 - U058-BEGLES-TRI,R2024,VE000134 - Prestations internes - Charge (Propreté),-44.733857629082486
Bègles,H66SVBM281 - U058-BEGLES-TRI,R2024,VE000048 - Coûts sous-traitance construction AFO I4 & I12,26.781406329205595
Bègles,H66SVBM281 - U058-BEGLES-TRI,R2024,VE000165 - Coûts sous-traitance construction AFO I4 & I12,26.781406329205595
Bègles,H66SVBM281 - U058-BEGLES-TRI,R2024,PNE,64.80525971674791
Bègles,H66SVBM281 - U058-BEGLES-TRI,R2024,VE000050 - Coûts des ventes cash (hors éléments PNE),-119.47305380548924
Bègles,H66SVBM281 - U058-BEGLES-TRI,R2024,VE000051 - Coûts de personnel,-76.63138822507062
Bègles,H66SVBM281 - U058-BEGLES-TRI,R2024,VE000052 - Personnel exploitation - interne,-65.39402335950676
Bègles,H66SVBM281 - U058-BEGLES-TRI,R2024,VE000053 - Personnel exploitation - externe,-6.580262975492174
Bègles,H66SVBM281 - U058-BEGLES-TRI,R2024,VE000057 - Autres avantages sociaux,-1.654121225287856
Bègles,H66SVBM281 - U058-BEGLES-TRI,R2024,VE000067 - Entretien & maintenance courante (hors personnel),-8.48412898420285
Bègles,H66SVBM281 - U058-BEGLES-TRI,R2024,VE000068 - Pièces détachées,-3.041864415546797
Bègles,H66SVBM281 - U058-BEGLES-TRI,R2024,VE000069 - Sous-traitance - maintenance courante,-4.975532106390243
Bègles,H66SVBM281 - U058-BEGLES-TRI,R2024,VE000070 - Autres coûts - maintenance courante,-0.46673246226581017
Bègles,H66SVBM281 - U058-BEGLES-TRI,R2024,VE000071 - Maint. Obligatoire Programmée & renouvel. (hors pers.),-12.993492235912399
Bègles,H66SVBM281 - U058-BEGLES-TRI,R2024,VE000072 - Equipements & pièces détachées,-2.9468986064988676
Bègles,H66SVBM281 - U058-BEGLES-TRI,R2024,"VE000073 - Sous-traitance, maint. Oblig. Prog. & renouvel.",-9.395283407301658
Bègles,H66SVBM281 - U058-BEGLES-TRI,R2024,"VE000074 - Autres coûts, maint. Oblig. Prog. & renouvel.",-0.6513102221118733
Bègles,H66SVBM281 - U058-BEGLES-TRI,R2024,VE000077 - Coût des énergies pour production & distribution,-0.1782022076699461
Bègles,H66SVBM281 - U058-BEGLES-TRI,R2024,VE000080 - Autres combustibles fossiles,-0.16233201949039447
Bègles,H66SVBM281 - U058-BEGLES-TRI,R2024,"VE000085 - Diesel, essence",-0.0059325698560979915
Bègles,H66SVBM281 - U058-BEGLES-TRI,R2024,VE000088 - Autres coûts de production d'énergies,-0.00993761832345365
Bègles,H66SVBM281 - U058-BEGLES-TRI,R2024,VE000089 - Traitement et évacuation des sous-produits,-0.17143933045736218
Bègles,H66SVBM281 - U058-BEGLES-TRI,R2024,"VE000093 - Boues, graviers et refus de dégrillage",-0.17143933045736218
Bègles,H66SVBM281 - U058-BEGLES-TRI,R2024,VE000097 - Autres coûts d'exploitation,-20.78979402666998
Bègles,H66SVBM281 - U058-BEGLES-TRI,R2024,VE000098 - Laboratoire et analyses,-0.19082647962508925
Bègles,H66SVBM281 - U058-BEGLES-TRI,R2024,VE000099 - Equipements mobiles & Equipements motorisés,-3.8679908548255284
Bègles,H66SVBM281 - U058-BEGLES-TRI,R2024,VE000100 - Bâtiments d'exploitation,-2.6199596536420353
Bègles,H66SVBM281 - U058-BEGLES-TRI,R2024,VE000102 - Taxes et redevances,-55.631132077423636
Bègles,H66SVBM281 - U058-BEGLES-TRI,R2024,665IF121 - Annulat. Charges Actifs Incorp. IFRIC 12,0.0
Bègles,H66SVBM281 - U058-BEGLES-TRI,R2024,VE000103 - Assurances,-2.484708730331151
Bègles,H66SVBM281 - U058-BEGLES-TRI,R2024,VE000104 - Autres - autres coûts d'exploitation,44.00482376917746
Bègles,H66SVBM281 - U058-BEGLES-TRI,R2024,Marge Brute Cash,-54.66779408874131
Bègles,H66SVBM281 - U058-BEGLES-TRI,R2024,VE000107 - Coûts COM & G&A (cash),-5.763274882840384
Bègles,H66SVBM281 - U058-BEGLES-TRI,R2024,VE000108 - Coûts Commerciaux (COM),-0.8610434188883027
Bègles,H66SVBM281 - U058-BEGLES-TRI,R2024,VE000111 - Autres coûts (Commerciaux),-0.8610434188883027
Bègles,H66SVBM281 - U058-BEGLES-TRI,R2024,VE000112 - Coûts Généraux & Administratifs (G&A),-4.902231463952082
Bègles,H66SVBM281 - U058-BEGLES-TRI,R2024,VE000115 - Autres coûts (G&A),-4.902231463952082
Bègles,H66SVBM281 - U058-BEGLES-TRI,R2024,EBITDA,-60.43106897158169
Bègles,H66SVBM281 - U058-BEGLES-TRI,R2024,Coûts Non Cash,-61.23507588218864
Bègles,H66SVBM281 - U058-BEGLES-TRI,R2024,VE000118 - Coûts des Ventes (non cash),-61.23507588218864
Bègles,H66SVBM281 - U058-BEGLES-TRI,R2024,VE000119 - CDV - Coûts de Personnel (non cash),-0.7603736693460788
Bègles,H66SVBM281 - U058-BEGLES-TRI,R2024,VE000141 - CDV - Coûts de Personnel (non cash),-0.7603736693460788
Bègles,H66SVBM281 - U058-BEGLES-TRI,R2024,VE000121 - CDV - Autres amortissements & Dépréciation,-11.123139981171702
Bègles,H66SVBM281 - U058-BEGLES-TRI,R2024,VE000132 - CDV - Autres amortissements & Dépréciation,-11.123139981171702
Bègles,H66SVBM281 - U058-BEGLES-TRI,R2024,VE000187 - Amortissement Actif Incorporel IFRIC12,-49.83160050898483
Bègles,H66SVBM281 - U058-BEGLES-TRI,R2024,VE000185 - Amortissement Actif Incorporel IFRIC12,-49.83160050898483
Bègles,H66SVBM281 - U058-BEGLES-TRI,R2024,665IF122 - Amortissement Actif Incorporel IFRIC 12,-49.83160050898483
Bègles,H66SVBM281 - U058-BEGLES-TRI,R2024,EBIT Courant,-121.66614485377033
Bègles,H66SVBM281 - U058-BEGLES-TRI,R2024,VE000018 - Métaux non-ferreux - produit,3.1977650186731226
Bègles,H66SVBM281 - U058-BEGLES-TRI,R2024,VE000021 - Autres produits recyclés - produit,0.0
Bègles,H66SVBM281 - U058-BEGLES-TRI,R2024,VE000047 - Produits perçus pour le compte de tiers - Charges,0.0
Bègles,H66SVBM281 - U058-BEGLES-TRI,R2024,VE000054 - Personnel maintenance - interne,-3.002980664783837
Bègles,H66SVBM281 - U058-BEGLES-TRI,R2024,VE000075 - Autre sous-traitance (Construction & Travaux),0.0
Bègles,H66SVBM281 - U058-BEGLES-TRI,R2024,VE000084 - Achat d'eau,0.0
Bègles,H66SVBM281 - U058-BEGLES-TRI,R2024,VE000086 - Réactifs,-0.22460879550603646
Bègles,H66SVBM281 - U058-BEGLES-TRI,R2024,VE000122 - CDV - Autres charges (non cash),0.4800382773139672
Bègles,H66SVBM281 - U058-BEGLES-TRI,R2024,VE000136 - Produits perçus pour le compte de tiers - Charges,0.0
Bègles,H66SVBM281 - U058-BEGLES-TRI,R2024,VE000137 - Autre sous-traitance (Construction & Travaux),0.0
Bègles,H66SVBM281 - U058-BEGLES-TRI,R2024,VE000139 - CDV - Autres charges (non cash),0.4800382773139672
Bègles,H66SVBM281 - U058-BEGLES-TRI,R2024,VE000161 - Coûts des réactifs et des achats d'eau,-0.22460879550603646
Bègles,H66SVBM281 - U058-BEGLES-TRI,R2024,VE000170 - Neutralisation Remboursement des AFO I12 et I4,0.0
Bègles,H66SVBM281 - U058-BEGLES-TRI,R2024,VE000171 - Neutralisation Remboursement des AFO I12 et I4,0.0
Bègles,H66SVBM281 - U058-BEGLES-TRI,R2024,VE000173 - Neutralisation Remboursement des AFO I12 et I4,0.0
Bègles,H66SVBM281 - U058-BEGLES-TRI,R2024,VE000174 - Remboursement des AFO I12 et I4,0.0
Bègles,H66SVBM281 - U058-BEGLES-TRI,R2024,VE000175 - Remboursement des AFO I12 et I4,0.0
Bègles,H66SVBM281 - U058-BEGLES-TRI,R2024,VE000176 - Remboursement des AFO I12 et I4,0.0
Bègles,H66SVBM281 - U058-BEGLES-TRI,R2025,[R0100-EW-109] Tonnes entrantes,58504.00000000001
Bègles,H66SVBM281 - U058-BEGLES-TRI,R2025,[R1458-EW-110] Tonnage passage chaîne,0.9598155681662791
Bègles,H66SVBM281 - U058-BEGLES-TRI,R2025,VE000001 - Chiffre d'affaires,115.6101386230001
Bègles,H66SVBM281 - U058-BEGLES-TRI,R2025,VE000002 - Prestations de service (hors Energie et Utilités),63.9962775194858
Bègles,H66SVBM281 - U058-BEGLES-TRI,R2025,VE000003 - Prestation de service - part fixe,63.914232018323524
Bègles,H66SVBM281 - U058-BEGLES-TRI,R2025,VE000005 - Autres prestations de service,0.0820455011622966
Bègles,H66SVBM281 - U058-BEGLES-TRI,R2025,VE000015 - Ventes matières recyclées & matériaux bruts,51.61386110351428
Bègles,H66SVBM281 - U058-BEGLES-TRI,R2025,VE000016 - Papier & carton - produit,30.109435765075887
Bègles,H66SVBM281 - U058-BEGLES-TRI,R2025,VE000017 - Métaux ferreux - produit,3.465253657869547
Bègles,H66SVBM281 - U058-BEGLES-TRI,R2025,VE000019 - Plastiques - produit,13.829246889101599
Bègles,H66SVBM281 - U058-BEGLES-TRI,R2025,VE000024 - Revenus des Travaux,0.0
Bègles,H66SVBM281 - U058-BEGLES-TRI,R2025,VE000026 - Travaux I4 / travaux I12,0.0
Bègles,H66SVBM281 - U058-BEGLES-TRI,R2025,VE000036 - Coûts des ventes cash (éléments PNE),-52.00377957062764
Bègles,H66SVBM281 - U058-BEGLES-TRI,R2025,VE000044 - Coûts sous-traitance externe d'activité (Propreté),-0.1880213318747436
Bègles,H66SVBM281 - U058-BEGLES-TRI,R2025,VE000133 - Coûts sous-traitance externe d'activité (Propreté),-0.1880213318747436
Bègles,H66SVBM281 - U058-BEGLES-TRI,R2025,VE000045 - Prestations internes - Charge (Propreté),-50.61925885409544
Bègles,H66SVBM281 - U058-BEGLES-TRI,R2025,VE000134 - Prestations internes - Charge (Propreté),-50.61925885409544
Bègles,H66SVBM281 - U058-BEGLES-TRI,R2025,VE000048 - Coûts sous-traitance construction AFO I4 & I12,-1.5234937914287393e-15
Bègles,H66SVBM281 - U058-BEGLES-TRI,R2025,VE000165 - Coûts sous-traitance construction AFO I4 & I12,-1.5234937914287393e-15
Bègles,H66SVBM281 - U058-BEGLES-TRI,R2025,PNE,63.60635905237246
Bègles,H66SVBM281 - U058-BEGLES-TRI,R2025,VE000050 - Coûts des ventes cash (hors éléments PNE),-96.91344626008478
Bègles,H66SVBM281 - U058-BEGLES-TRI,R2025,VE000051 - Coûts de personnel,-63.784624811978645
Bègles,H66SVBM281 - U058-BEGLES-TRI,R2025,VE000052 - Personnel exploitation - interne,-47.96333122521536
Bègles,H66SVBM281 - U058-BEGLES-TRI,R2025,VE000053 - Personnel exploitation - externe,-10.87873017229591
Bègles,H66SVBM281 - U058-BEGLES-TRI,R2025,VE000057 - Autres avantages sociaux,-1.2135691576644332
Bègles,H66SVBM281 - U058-BEGLES-TRI,R2025,VE000067 - Entretien & maintenance courante (hors personnel),-2.9977362231642277
Bègles,H66SVBM281 - U058-BEGLES-TRI,R2025,VE000068 - Pièces détachées,-2.910756358539587
Bègles,H66SVBM281 - U058-BEGLES-TRI,R2025,VE000069 - Sous-traitance - maintenance courante,0.26716036510324076
Bègles,H66SVBM281 - U058-BEGLES-TRI,R2025,VE000070 - Autres coûts - maintenance courante,-0.3541402297278818
Bègles,H66SVBM281 - U058-BEGLES-TRI,R2025,VE000071 - Maint. Obligatoire Programmée & renouvel. (hors pers.),-9.884645494325174
Bègles,H66SVBM281 - U058-BEGLES-TRI,R2025,VE000072 - Equipements & pièces détachées,-5.84105206481608
Bègles,H66SVBM281 - U058-BEGLES-TRI,R2025,"VE000073 - Sous-traitance, maint. Oblig. Prog. & renouvel.",-3.116783467797073
Bègles,H66SVBM281 - U058-BEGLES-TRI,R2025,"VE000074 - Autres coûts, maint. Oblig. Prog. & renouvel.",-0.9268099617120196
Bègles,H66SVBM281 - U058-BEGLES-TRI,R2025,VE000077 - Coût des énergies pour production & distribution,-0.0199179543279092
Bègles,H66SVBM281 - U058-BEGLES-TRI,R2025,VE000080 - Autres combustibles fossiles,-0.010973437713660604
Bègles,H66SVBM281 - U058-BEGLES-TRI,R2025,"VE000085 - Diesel, essence",0.0
Bègles,H66SVBM281 - U058-BEGLES-TRI,R2025,VE000088 - Autres coûts de production d'énergies,-0.008944516614248598
Bègles,H66SVBM281 - U058-BEGLES-TRI,R2025,VE000089 - Traitement et évacuation des sous-produits,-0.340897032681526
Bègles,H66SVBM281 - U058-BEGLES-TRI,R2025,"VE000093 - Boues, graviers et refus de dégrillage",-0.340897032681526
Bègles,H66SVBM281 - U058-BEGLES-TRI,R2025,VE000097 - Autres coûts d'exploitation,-19.66844284151511
Bègles,H66SVBM281 - U058-BEGLES-TRI,R2025,VE000098 - Laboratoire et analyses,-0.20110180500478597
Bègles,H66SVBM281 - U058-BEGLES-TRI,R2025,VE000099 - Equipements mobiles & Equipements motorisés,-1.3997077122931763
Bègles,H66SVBM281 - U058-BEGLES-TRI,R2025,VE000100 - Bâtiments d'exploitation,-3.1118226104198
Bègles,H66SVBM281 - U058-BEGLES-TRI,R2025,VE000102 - Taxes et redevances,-48.05056560235197
Bègles,H66SVBM281 - U058-BEGLES-TRI,R2025,665IF121 - Annulat. Charges Actifs Incorp. IFRIC 12,0.0
Bègles,H66SVBM281 - U058-BEGLES-TRI,R2025,VE000103 - Assurances,-4.630221181457678
Bègles,H66SVBM281 - U058-BEGLES-TRI,R2025,VE000104 - Autres - autres coûts d'exploitation,37.7249760700123
Bègles,H66SVBM281 - U058-BEGLES-TRI,R2025,Marge Brute Cash,-33.30708720771231
Bègles,H66SVBM281 - U058-BEGLES-TRI,R2025,VE000107 - Coûts COM & G&A (cash),-2.5291665527143437
Bègles,H66SVBM281 - U058-BEGLES-TRI,R2025,VE000108 - Coûts Commerciaux (COM),-0.38260563380281704
Bègles,H66SVBM281 - U058-BEGLES-TRI,R2025,VE000111 - Autres coûts (Commerciaux),-0.38260563380281704
Bègles,H66SVBM281 - U058-BEGLES-TRI,R2025,VE000112 - Coûts Généraux & Administratifs (G&A),-2.146560918911527
Bègles,H66SVBM281 - U058-BEGLES-TRI,R2025,VE000115 - Autres coûts (G&A),-2.146560918911527
Bègles,H66SVBM281 - U058-BEGLES-TRI,R2025,EBITDA,-35.836253760426665
Bègles,H66SVBM281 - U058-BEGLES-TRI,R2025,Coûts Non Cash,-52.49598659920689
Bègles,H66SVBM281 - U058-BEGLES-TRI,R2025,VE000118 - Coûts des Ventes (non cash),-52.49598659920689
Bègles,H66SVBM281 - U058-BEGLES-TRI,R2025,VE000119 - CDV - Coûts de Personnel (non cash),-0.09724121427594694
Bègles,H66SVBM281 - U058-BEGLES-TRI,R2025,VE000141 - CDV - Coûts de Personnel (non cash),-0.09724121427594694
Bègles,H66SVBM281 - U058-BEGLES-TRI,R2025,VE000121 - CDV - Autres amortissements & Dépréciation,-11.231714070832762
Bègles,H66SVBM281 - U058-BEGLES-TRI,R2025,VE000132 - CDV - Autres amortissements & Dépréciation,-11.231714070832762
Bègles,H66SVBM281 - U058-BEGLES-TRI,R2025,VE000187 - Amortissement Actif Incorporel IFRIC12,-41.167031314098175
Bègles,H66SVBM281 - U058-BEGLES-TRI,R2025,VE000185 - Amortissement Actif Incorporel IFRIC12,-41.167031314098175
Bègles,H66SVBM281 - U058-BEGLES-TRI,R2025,665IF122 - Amortissement Actif Incorporel IFRIC 12,-41.167031314098175
Bègles,H66SVBM281 - U058-BEGLES-TRI,R2025,EBIT Courant,-88.33224035963356
Bègles,H66SVBM281 - U058-BEGLES-TRI,R2025,VE000018 - Métaux non-ferreux - produit,4.206162997401886
Bègles,H66SVBM281 - U058-BEGLES-TRI,R2025,VE000021 - Autres produits recyclés - produit,0.003761794065363052
Bègles,H66SVBM281 - U058-BEGLES-TRI,R2025,VE000047 - Produits perçus pour le compte de tiers - Charges,-1.1964993846574592
Bègles,H66SVBM281 - U058-BEGLES-TRI,R2025,VE000054 - Personnel maintenance - interne,-3.728994256802953
Bègles,H66SVBM281 - U058-BEGLES-TRI,R2025,VE000075 - Autre sous-traitance (Construction & Travaux),-0.11826541774921372
Bègles,H66SVBM281 - U058-BEGLES-TRI,R2025,VE000084 - Achat d'eau,0.0
Bègles,H66SVBM281 - U058-BEGLES-TRI,R2025,VE000086 - Réactifs,-0.0989164843429509
Bègles,H66SVBM281 - U058-BEGLES-TRI,R2025,VE000122 - CDV - Autres charges (non cash),0.0
Bègles,H66SVBM281 - U058-BEGLES-TRI,R2025,VE000136 - Produits perçus pour le compte de tiers - Charges,-1.1964993846574592
Bègles,H66SVBM281 - U058-BEGLES-TRI,R2025,VE000137 - Autre sous-traitance (Construction & Travaux),-0.11826541774921372
Bègles,H66SVBM281 - U058-BEGLES-TRI,R2025,VE000139 - CDV - Autres charges (non cash),0.0
Bègles,H66SVBM281 - U058-BEGLES-TRI,R2025,VE000161 - Coûts des réactifs et des achats d'eau,-0.0989164843429509
Bègles,H66SVBM281 - U058-BEGLES-TRI,R2025,VE000170 - Neutralisation Remboursement des AFO I12 et I4,0.0
Bègles,H66SVBM281 - U058-BEGLES-TRI,R2025,VE000171 - Neutralisation Remboursement des AFO I12 et I4,0.0
Bègles,H66SVBM281 - U058-BEGLES-TRI,R2025,VE000173 - Neutralisation Remboursement des AFO I12 et I4,0.0
Bègles,H66SVBM281 - U058-BEGLES-TRI,R2025,VE000174 - Remboursement des AFO I12 et I4,0.0
Bègles,H66SVBM281 - U058-BEGLES-TRI,R2025,VE000175 - Remboursement des AFO I12 et I4,0.0
Bègles,H66SVBM281 - U058-BEGLES-TRI,R2025,VE000176 - Remboursement des AFO I12 et I4,0.0
